"WHRS";"KL6";"K618";"WA";"WE";"WW";"HHRS";"HA";"HE";"HW";"MTR";"WMED";"WFED";"UN";"CIT";"AX"
1610;1;0;32;12;3,354;2708;34;12;4,0288;0,7215;12;7;5;0;14
1656;0;2;30;12;1,3889;2310;30;9;8,4416;0,6615;7;7;11;1;5
1980;1;3;35;12;4,5455;3072;40;12;3,5807;0,6915;12;7;5;0;15
456;0;3;34;12;1,0965;1920;53;10;3,5417;0,7815;7;7;5;0;6
1568;1;2;31;14;4,5918;2000;32;12;10;0,6215;12;14;9,5;1;7
2032;0;0;54;12;4,7421;1040;57;11;6,7106;0,6915;14;7;7,5;1;33
1440;0;2;37;16;8,3333;2670;37;12;3,4277;0,6915;14;7;5;0;11
1020;0;0;54;12;7,8431;4120;53;8;2,5485;0,6915;3;3;5;0;35
1458;0;2;48;12;2,1262;1995;52;4;4,2206;0,7515;7;7;3;0;24
1600;0;2;39;12;4,6875;2100;43;12;5,7143;0,6915;7;7;5;0;21
1969;0;1;33;12;4,063;2450;34;12;9,7959;0,5815;12;3;5;0;15
1960;0;1;42;11;4,5918;2375;47;14;8;0,6215;14;7;5;0;14
240;1;2;30;12;2,0833;2830;33;16;5,3004;0,7215;16;16;5;0;0
997;0;2;43;12;2,2668;3317;46;12;4,3413;0,7215;10;10;7,5;1;14
1848;0;1;43;10;3,6797;2024;45;17;10,87;0,5815;7;7;7,5;1;6
1224;0;3;35;11;1,3472;1694;38;12;9,1499;0,7215;16;10;7,5;1;9
1400;0;2;43;12;3,2143;2156;45;12;6,1224;0,6915;10;7;7,5;1;20
640;0;5;39;12;5,175;2250;40;12;6,1498;0,7215;12;12;7,5;1;6
2000;0;0;45;12;2;2024;51;11;6,917;0,6915;7;7;5;1;23
1324;0;4;35;12;7,5529;2123;40;10;4,7103;0,6915;12;7;5;0;9
2215;0;2;42;16;3,5052;4160;48;16;3,131;0,6215;10;16;7,5;0;5
1680;0;0;30;12;3,5714;2000;35;12;4;0,7215;12;10;3;0;11
1600;0;0;48;13;3,25;2420;52;17;7,2227;0,6615;7;3;5;1;18
800;0;0;45;12;3,25;1150;53;17;7,9652;0,7215;7;7;11;0;15
1955;1;1;31;12;2,1545;2024;31;12;4,0884;0,7515;12;7;5;1;4
660;0;2;43;17;3,7879;1904;43;17;14,181;0,5815;16;14;9,5;1;21
525;0;0;59;12;4;2448;53;16;6,5359;0,6915;3;7;9,5;1;31
1904;0;3;32;12;4,7269;2000;33;13;8,5;0,6615;3;7;11;1;9
1516;1;0;31;17;7,2559;2390;30;17;6,2762;0,6215;12;12;5;0;7
346;0;0;42;12;5,8671;1920;47;10;5,2083;0,7215;12;12;9,5;0;7
1040;0;0;50;11;1,5385;1840;53;10;2,7821;0,7515;7;7;7,5;1;32
732;0;0;59;16;2,459;3360;57;17;4,9107;0,6915;3;3;14;1;11
1880;0;2;36;13;5,8511;2284;35;13;5,8669;0,6615;12;10;7,5;0;16
1680;0;1;51;12;3,5714;1875;50;8;7,52;0,6915;7;14;5;1;14
2081;0;3;45;16;3,8068;2140;47;17;7,5449;0,6615;12;12;5;1;27
690;0;1;42;11;2,4638;1896;44;8;5,538;0,7515;10;3;7,5;0;0
4210;0;0;46;12;2,3753;1040;49;16;6,9231;0,6915;3;3;11;1;17
2205;0;1;46;10;4,5351;2200;52;12;5;0,6615;10;3;11;0;28
1952;0;0;51;14;5,6183;1952;58;12;7,3064;0,6215;7;7;14;0;24
1302;0;0;30;17;14,631;1560;30;17;11,218;0,58;14;17;5;1;11
112;1;2;30;12;2,6786;4030;33;16;3,8462;0,7215;12;12;3;0;1
893;0;0;57;12;3,9194;2570;58;12;5,8366;0,6215;9;9;7,5;1;14
583;1;2;31;16;2,5729;1530;34;16;13,725;0,6615;14;16;9,5;1;6
480;0;2;48;12;4,5375;3149;48;8;6,3493;0,6615;3;3;5;0;10
1900;0;3;30;12;2;2690;32;12;5,2528;0,7215;12;7;5;0;6
576;0;2;34;12;3,4722;3096;33;12;1,3075;0,7815;12;7;3;0;4
2056;0;2;48;16;2,0161;2552;53;16;2,7998;0,7215;14;16;5;1;10
1984;0;0;45;12;4,5716;2040;47;11;2,6961;0,7215;10;10;11;0;22
2640;0;0;51;12;2,2727;2180;50;13;7,5688;0,6615;7;7;3;0;16
240;0;2;30;12;2,6375;1864;37;12;3,4077;0,7815;12;7;14;0;6
1173;0;1;46;12;2,2899;2068;46;12;6,5401;0,6915;7;7;11;1;12
3640;0;0;58;12;1,0989;2010;58;12;7,2139;0,6915;7;3;9,5;1;32
340;0;8;37;12;1,1765;2152;40;10;6,2732;0,7515;12;7;5;0;15
500;0;0;52;8;1,6;1496;54;11;5,8824;0,7515;7;7;5;1;17
1599;0;0;52;10;1,8762;2100;47;4;3,8095;0,7515;7;3;7,5;0;34
1830;0;0;31;16;4,0437;1960;35;14;6,3776;0,6915;12;12;7,5;1;9
1920;0;0;55;14;9,6354;1985;55;15;6,0453;0,64;7;7;14;1;37
2052;0;0;34;17;8,0409;2020;33;17;8,8119;0,58;17;17;7,5;1;10
2312;0;0;55;14;4,599;2178;56;16;8,8765;0,5815;17;7;11;1;35
196;0;2;39;12;2,1429;3684;39;12;3,342;0,7515;12;7;14;1;6
2500;0;3;40;14;4,4;5010;42;13;3,1836;0,5515;14;3;7,5;0;19
1980;0;4;43;12;3,5354;1880;47;12;6,9149;0,6915;12;12;9,5;1;10
1840;0;0;48;8;2,7174;1904;56;8;5,5147;0,7215;7;7;14;1;11
320;0;0;47;12;6,25;2083;47;12;5,2808;0,7215;7;7;9,5;1;15
419;0;4;41;12;11,933;2125;44;12;3,2;0,7515;7;7;5;1;12
1880;0;0;36;8;3,5931;1985;37;12;5,8791;0,6915;12;12;7,5;0;12
72;0;2;46;17;6,9444;2640;48;17;6,25;0,6915;12;16;7,5;0;14
120;0;0;34;12;2,9167;2070;51;8;7,4879;0,7215;12;7;5;1;11
1885;0;3;41;12;3,0769;2107;48;8;6,9767;0,6915;7;7;5;1;9
240;0;1;51;12;3,75;2250;54;10;8;0,6915;12;7;5;0;24
1729;0;0;33;12;5,7259;2880;34;16;4,1319;0,6915;12;12;7,5;1;12
1850;0;0;52;12;3,6757;1848;53;12;14,476;0,5515;10;10;7,5;1;13
2033;0;0;58;9;5,1648;1927;53;7;5,7343;0,6615;7;9;7,5;1;29
608;2;4;34;10;8,2237;1304;38;9;3,3742;0,7915;0;0;7,5;1;11
1153;0;1;31;12;4,3365;3000;35;12;1,8333;0,7215;7;10;7,5;1;13
2208;0;1;48;12;4,9819;1892;52;12;5,6025;0,6615;12;14;5;1;19
252;0;2;32;12;0,3571;3644;32;12;4,2975;0,7215;7;7;3;0;2
337;0;0;49;17;2,9674;1430;47;17;3,9161;0,7515;3;3;14;1;24
90;2;2;32;15;1;2350;31;14;4,8787;0,7515;10;12;7,5;1;9
1174;0;0;58;12;2,5554;1948;59;16;9,2402;0,6615;7;12;7,5;1;6
372;0;0;50;6;0,8602;1804;42;12;6,6519;0,7215;12;7;7,5;1;22
30;0;0;60;14;1;2326;51;12;4,6217;0,7515;12;17;9,5;0;30
1800;0;1;50;12;2,9261;1739;55;11;9,9741;0,6615;7;3;7,5;1;10
282;0;0;56;14;3,5461;1176;57;17;20,918;0,6215;7;7;9,5;1;6
720;0;0;51;9;1,6264;1100;55;8;1,94;0,7915;7;7;3;0;29
1440;0;1;54;17;8,3333;1528;58;17;8,8351;0,5815;7;12;5;1;29
2100;0;0;59;13;3,0952;2250;52;15;4,6667;0,6915;7;7;5;1;36
1000;0;2;46;9;2,7;1927;47;10;5,1894;0,7515;7;7;5;1;19
952;0;1;46;15;5,2521;2414;47;16;18,724;0,4415;7;12;5;1;8
1413;1;3;39;12;1,4154;768;49;8;10,417;0,7715;10;10;14;0;13
2100;0;2;44;12;4,7986;1984;43;14;8,8458;0,6215;7;0;11;1;16
120;2;0;33;12;1,6667;2246;36;12;7,569;0,7215;12;12;9,5;1;11
3000;1;2;33;12;1,1217;3024;30;17;4,4507;0,6215;10;10;7,5;1;15
1000;0;2;48;12;0,5;2921;52;12;9,3204;0,6215;12;7;9;1;6
336;0;4;31;12;0,7143;2045;37;17;9,1687;0,6915;7;7;11;0;13
1216;0;1;45;12;2,7961;1928;44;12;6,4834;0,7215;7;7;11;0;22
988;0;1;45;12;4,8583;1920;44;10;7,8125;0,6915;7;3;5;1;24
2581;0;2;32;13;1,7435;2280;37;17;11,404;0,5815;14;12;7,5;1;2
2030;0;0;47;12;2,4631;2300;47;17;5,087;0,6915;7;7;3;0;6
413;0;2;34;13;2,4213;2480;35;13;6,9758;0,6215;12;12;3;0;2
782;0;1;37;12;1,5345;1135;34;10;5,2863;0,7715;12;7;9,5;1;2
1388;0;1;36;12;2,8818;1384;39;12;11,562;0,6615;7;7;11;0;14
1450;1;2;47;12;2,4069;1848;50;14;8,6061;0,6915;7;10;9,5;1;9
1720;0;1;48;16;5,2326;2499;46;17;12,805;0,4415;14;14;7,5;1;11
800;0;2;42;12;3,75;2390;43;12;6,6946;0,6915;12;7;11;0;9
360;0;3;33;13;1,3889;2400;44;14;8,3333;0,6915;10;12;11;1;6
2000;0;0;46;11;4;1920;53;8;4,1667;0,6915;7;7;5;0;19
1176;0;3;47;12;3,2313;2301;48;13;5,4759;0,7215;7;7;9,5;0;26
2058;0;1;44;12;3,4014;1944;43;10;5,144;0,6915;7;10;9,5;1;19
900;0;4;36;12;1,3333;2100;37;17;11,667;0,6615;7;7;7,5;1;3
215;2;0;31;17;9,3023;1920;32;16;7,2917;0,7215;12;12;7,5;1;7
2000;0;0;55;14;4,5;2880;55;14;4,8611;0,6615;7;7;9,5;1;28
757;0;1;45;16;4,6235;1932;48;16;12,164;0,6215;12;7;9,5;1;13
1264;0;0;47;17;3,9557;3234;48;17;10,823;0,4615;10;17;9,5;1;9
2064;0;3;46;12;5,814;2805;47;12;12,478;0,4615;10;7;14;1;15
1280;0;0;49;11;0,5;2272;52;9;6,162;0,7215;7;7;7,5;1;20
1715;0;0;49;12;4,0816;2227;52;14;7,1846;0,6615;7;7;9,5;1;29
2000;0;2;45;12;6;1720;49;6;7,093;0,6215;7;10;14;1;9
12;1;3;38;17;3,6667;2300;38;13;17,826;0,4415;12;10;14;1;1
1528;0;0;47;10;3,8613;3410;50;12;6,393;0,5815;7;12;14;1;8
561;0;3;54;13;2,7629;2304;57;16;11,719;0,5515;7;7;9,5;1;19
2058;0;0;41;11;2,931;1984;42;12;4,7883;0,7215;12;12;7,5;0;23
1823;0;2;43;12;4,3884;1890;33;14;4,2328;0,7515;14;7;11;0;3
1680;1;1;31;16;5,4167;1970;32;12;7,1066;0,6615;12;10;7,5;0;13
1440;0;0;47;17;9,8611;2400;46;12;8,3333;0,61;7;7;7,5;1;8
4950;0;2;35;12;0,1616;2504;37;12;6,9888;0,6915;10;10;7,5;0;17
1176;0;3;45;16;0,3826;2398;48;17;9,5913;0,6615;7;7;11;1;4
1100;1;0;33;12;3,6364;1960;39;12;6,0204;0,7215;7;7;7,5;0;15
1516;0;1;54;16;2,3747;2550;55;12;2,9686;0,7215;12;7;3;0;11
900;0;4;35;8;4,6667;2500;41;12;7;0,6915;10;7;9,5;0;7
1080;1;2;31;12;1,8519;2164;37;10;7,1627;0,7215;7;7;7,5;0;0
480;0;0;55;12;5,2;2640;60;12;4,7364;0,6915;7;7;7,5;0;0
288;0;2;34;12;3,2986;1936;36;12;8,781;0,6915;12;16;11;1;10
1875;0;1;38;13;8,5333;2136;41;12;9,8315;0,58;10;12;7,5;1;8
630;0;1;45;11;2,0635;1955;51;10;6,6496;0,7215;7;7;7,5;1;2
234;0;1;47;12;2,5641;1980;48;10;9,8485;0,6615;12;3;7,5;1;4
1600;0;2;39;12;2,1875;2550;42;11;9,8039;0,6215;7;7;5;1;6
960;1;0;36;14;6,25;2058;37;13;8,2604;0,6615;7;7;11;1;18
120;1;2;33;12;3,3333;2263;32;14;9,0676;0,6915;7;7;9;1;3
2025;0;0;50;12;4,4444;1763;54;13;8,5082;0,6215;7;12;5;1;22
1809;0;0;58;12;6,6335;2096;59;14;7,1565;0,6215;3;7;7,5;1;33
3087;0;0;49;17;8,4224;2059;47;13;7,0423;0,52;12;12;11;1;28
910;0;2;41;14;4,3956;1820;40;17;6,5934;0,7215;16;12;14;1;23
1840;0;1;51;12;2,4457;2832;53;8;4,3457;0,6915;7;14;11;0;27
784;0;0;53;9;1,2245;1990;60;10;7,2362;0,7215;3;7;14;1;11
400;1;2;36;12;1,625;2000;40;7;1,74;0,8015;12;7;11;1;6
1000;0;2;46;12;3;1885;46;12;6,8966;0,7215;7;7;9,5;1;11
1904;0;2;36;12;4,7269;2860;37;12;5,0455;0,5515;12;12;11;1;14
1771;0;1;53;14;1,1293;1913;48;16;17,25;0,4915;12;12;14;1;17
1486;0;3;40;16;7,4024;1800;54;16;8,3333;0,6215;16;14;11;1;17
740;0;2;42;17;4,4595;2880;45;16;9,375;0,5815;12;10;9;0;14
1820;1;1;33;15;2,4725;1993;32;16;8,279;0,6915;12;12;11;1;11
1275;0;3;43;12;1,8824;2250;47;14;4,5;0,6915;7;7;7,5;1;7
450;1;0;31;16;4;2286;30;16;4,1995;0,7215;14;16;14;1;8
1221;0;0;47;17;8,19;1880;47;16;16,064;0,4915;7;7;7,5;1;6
1550;0;0;54;17;7,0968;2350;58;17;11,277;0,5215;10;17;11;1;8
180;1;3;33;12;1,6667;3640;33;11;0,5494;0,9415;7;3;3;0;4
2090;0;0;43;16;3,445;1770;47;14;9,548;0,6215;14;10;11;1;25
1960;0;1;46;13;4,2347;1875;49;13;5,3333;0,6915;7;9;3;0;24
1440;0;3;35;12;2,7778;2200;38;9;5,4545;0,7215;7;7;14;1;11
794;0;3;37;11;1,8892;2033;39;12;5,9026;0,7515;12;3;9,5;1;19
993;0;2;37;16;5,0352;2739;39;17;9,8576;0,5815;12;16;14;1;9
160;0;3;34;14;1,25;1626;38;14;11,685;0,7215;17;12;7,5;1;19
105;1;0;43;16;2,8571;2248;44;17;6,2278;0,7215;7;7;9,5;0;14
1200;0;0;46;12;4,1167;2140;48;12;9,1748;0,6215;7;7;9,5;1;22
450;0;3;35;9;1,7778;1985;42;12;6,2972;0,7515;3;7;5;1;6
996;0;0;46;17;13,554;1528;59;17;10,471;0,5815;12;12;9,5;1;23
1052;0;0;46;14;4,5627;1920;48;16;14,583;0,4915;7;3;11;1;15
1128;0;2;43;12;2,1277;1918;46;10;6,2143;0,7215;7;7;14;1;6
1840;0;0;30;12;2,9891;2112;30;12;6,6288;0,6915;7;7;7,5;0;11
1910;0;2;41;11;2,5654;2144;46;9;3,8246;0,7215;3;7;5;0;2
980;0;1;54;12;5,6122;1920;54;15;7,8125;0,6915;7;7;14;1;22
2317;0;1;31;12;2,8054;2241;41;9;3,4806;0,7215;10;10;7,5;1;10
1089;0;0;44;10;1,607;880;47;11;5,55;0,7515;10;10;9,5;1;14
800;0;1;32;12;2,25;2070;31;16;11,594;0,6215;12;7;11;1;12
1230;0;0;47;5;2,0325;1050;53;5;9,5238;0,7215;7;12;14;1;9
1158;0;1;46;17;5,532;2635;57;17;7,2805;0,6215;14;17;7,5;0;13
2272;0;0;37;11;1,5845;3000;47;8;3;0,7215;10;10;7,5;0;18
528;0;2;51;12;3,7879;2500;50;11;10,4;0,6215;7;7;7,5;0;8
1000;0;1;49;12;3;1990;49;12;10,05;0,6615;7;7;14;1;11
520;0;4;36;14;8,6538;2390;37;13;8,7866;0,6615;10;12;9,5;1;9
760;0;1;39;11;4,2105;1430;44;12;10,14;0,6915;12;7;9,5;1;9
1920;0;2;48;12;4,6875;1800;50;8;5;0,6915;12;12;9,5;1;14
1220;0;2;38;14;4,0984;2103;43;17;11,888;0,5815;7;7;5;1;9
200;0;2;40;12;25;1350;42;12;13,333;0,6615;7;7;7,5;1;2
2480;1;5;39;10;2,6331;2880;36;17;8,6806;0,5815;7;7;3;0;12
2750;0;0;37;16;6;2400;43;17;7,2917;0,61;12;7;7,5;1;15
2014;0;1;49;13;5,4126;1135;47;12;3,5242;0,7215;7;14;14;1;11
1355;0;3;33;12;0,6642;2750;35;17;6,1818;0,7215;12;7;9,5;0;7
80;0;0;30;12;1,25;2085;32;16;2,9755;0,7515;12;12;11;1;9
1670;0;0;54;12;2,2754;2600;56;8;4,5769;0,7215;12;7;9,5;0;19
520;0;4;39;11;3,4615;3542;40;12;3,1056;0,7515;10;7;11;0;11
288;0;3;43;12;4,1667;1975;43;12;5,8228;0,7515;12;12;14;1;8
2014;0;3;31;9;4,4687;2400;32;12;7,5;0,6215;10;3;9,5;1;13
800;0;3;33;13;1,75;3000;37;14;8,3333;0,6215;12;7;7,5;1;4
1984;0;3;40;12;3,6694;1960;39;14;9,2347;0,6615;12;12;14;1;7
1823;0;1;36;12;6,5826;2000;39;9;5,5;0,6615;12;12;3;0;19
1500;0;0;51;12;2,6;3000;51;12;6;0,6615;7;7;9,5;1;14
2261;0;1;44;13;4,8651;2400;43;12;6,6667;0,6215;12;7;9,5;1;14
1728;0;3;42;16;5,787;2450;48;14;13,061;0,5215;12;14;9,5;1;3
1960;0;1;40;12;4,5408;2423;40;8;12,794;0,5215;12;12;7,5;1;9
1578;1;1;34;16;9,5057;2000;33;16;12;0,58;12;17;9,5;1;7
1316;0;0;30;17;10,638;2526;41;16;6,73;0,5815;16;17;11;1;7
1530;0;0;54;12;1,1111;2695;53;12;6,679;0,6915;7;7;14;0;14
2220;0;0;51;12;4,0541;2048;54;12;4,3945;0,6915;16;7;3;0;29
1336;0;2;44;9;2,6871;1920;46;11;4,6875;0,7515;7;10;11;0;19
1008;0;1;43;12;2,9762;2338;42;9;7,6989;0,6615;7;7;11;1;14
1944;0;1;34;12;3,1728;2945;37;8;4,3287;0,6915;10;7;7,5;0;16
2000;0;0;45;13;3,55;2047;52;12;6,7416;0,6615;12;7;11;1;10
258;0;0;39;12;17,907;1668;47;7;9,3525;0,6215;10;3;11;0;12
1785;0;0;50;12;3,4174;175;48;10;9,1429;0,7515;0;0;14;1;24
480;0;0;52;12;3,3333;1798;53;12;2,6418;0,7515;7;7;14;0;6
772;0;2;41;12;3,886;1222;45;12;7,365;0,7215;12;12;7,5;1;9
900;0;0;59;10;2,3111;1820;59;7;1,4066;0,7715;12;7;5;0;14
1428;0;0;52;12;1,7108;1560;60;8;1,5192;0,7715;10;7;14;0;26
210;0;0;46;16;2,1143;2210;49;12;3,3439;0,7515;12;12;14;0;7
239;1;5;41;12;9,9331;2874;48;16;2,9106;0,7215;3;7;11;1;4
1878;0;2;33;11;3,0277;2499;35;8;4,3834;0,7215;7;7;9,5;0;15
215;0;0;45;12;1,8605;3088;38;12;4,2098;0,7215;12;12;5;1;23
2340;1;2;36;10;0,1282;2020;37;8;3,7129;0,7815;10;7;7,5;0;1
1960;0;1;48;12;6,6327;1980;56;10;10,606;0,5515;7;7;14;1;29
532;0;1;47;12;5,6391;1968;47;11;8,6382;0,6615;7;3;11;1;9
394;0;0;45;12;1,599;2100;45;12;3,8367;0,7515;7;7;7,5;0;6
675;0;2;37;12;2,6667;2651;48;17;7,1671;0,6915;7;7;7,5;0;11
1515;0;4;46;16;7,9208;1918;49;14;8,8634;0,6215;12;10;14;1;17
1030;0;3;43;17;5,3398;2585;46;16;7,7369;0,6615;12;12;5;1;6
1250;0;2;42;12;4;2250;46;17;9,1702;0,6215;7;7;7,5;1;7
1158;1;2;34;17;6,0449;2480;39;17;11,29;0,5515;12;12;7,5;1;2
112;0;0;52;12;6,25;2924;53;12;6,3269;0,5815;7;7;7,5;1;24
336;0;3;37;12;2,9762;1896;52;9;4,7468;0,7515;10;7;7,5;0;4
1984;0;1;37;12;4,2339;2332;40;12;4,8885;0,6915;10;7;5;0;11
716;0;0;52;8;3,4916;3482;59;7;2,4842;0,7215;7;7;5;0;25
1410;1;0;30;12;4,9645;2106;30;14;8,547;0,6215;12;12;7,5;0;11
1300;0;1;31;13;2,7692;1160;32;12;6,6379;0,7515;17;7;11;1;2
1640;0;1;38;12;3,6585;2040;46;12;3,1863;0,7215;7;7;7,5;0;19
1202;0;3;43;12;5,3935;2856;48;16;4,5466;0,5815;7;7;9;1;7
489;0;1;49;8;0,6564;950;51;8;12,789;0,7515;7;7;5;1;2
2076;0;0;55;12;4,7688;2068;58;10;6,528;0,6615;7;7;5;1;20
526;0;2;38;17;8,5551;1896;42;17;16,403;0,5515;12;14;9,5;1;10
1721;0;0;52;17;10,459;2000;56;16;7;0,61;14;17;14;1;19
1327;0;0;48;12;2,6375;288;51;11;13,542;0,7515;7;7;11;1;17
584;0;2;32;13;6,8493;2160;33;12;6,713;0,6915;12;10;11;1;12
1376;0;1;32;12;5,0872;3120;33;17;5,4487;0,6615;7;7;5;1;11
1040;0;2;38;12;0,9615;1944;41;17;6,6872;0,7215;7;7;7,5;1;6
548;0;3;46;12;4,3066;2046;47;12;9,0943;0,6915;16;12;14;1;10
15;0;3;40;12;7,0667;2005;42;9;6,5337;0,7515;7;7;7,5;0;4
1980;0;4;31;9;2,5253;2070;36;10;4,686;0,7515;10;7;5;1;2
1520;0;1;43;10;7,8947;3000;50;12;8;0,5215;12;9;9,5;1;13
1880;0;0;51;12;4,1489;2640;51;12;4,053;0,6915;7;7;7,5;0;21
1260;1;0;30;16;8,1746;2450;34;17;8,1633;0,5515;16;14;5;1;9
1092;0;0;52;13;9,5971;1000;53;15;16,5;0,4615;10;7;11;1;4
1587;1;5;30;8;2,0164;2080;33;8;3,4615;0,7815;3;3;7,5;0;2
156;0;0;51;16;7,6218;2413;51;16;11,361;0,5515;16;16;11;1;19
1939;0;2;31;13;3,1975;2570;31;12;3,8911;0,7215;7;3;7,5;1;4
1250;0;4;34;12;1,6;2030;52;12;9,6059;0,6915;12;16;7,5;1;9
610;0;0;49;11;4,0984;4684;59;17;2,6687;0,7215;7;7;7,5;1;14
270;1;3;35;13;1,4815;2802;41;17;8,8865;0,6615;7;16;9,5;1;6
660;1;0;53;12;3,6364;2090;59;12;6,3636;0,7215;7;12;7,5;1;24
1000;0;3;32;12;1;2053;46;16;17,728;0,5515;12;7;11;0;1
1920;0;3;38;10;2,6042;1984;42;10;5,2923;0,7215;12;7;7,5;1;13
200;0;0;54;12;1,75;2040;54;16;15,686;0,5815;7;12;9,5;1;3
1500;0;1;47;17;4,8;2794;58;8;5,2423;0,5515;10;12;11;1;10
868;0;1;45;15;5,53;3290;47;14;3,0395;0,7215;14;12;9,5;1;16
2318;0;1;47;16;4,0984;1911;46;16;16,745;0,4915;16;16;5;1;9
2000;0;0;59;10;1,25;2000;60;12;3,75;0,6915;7;7;5;0;19
60;0;1;32;11;1,6667;2580;31;12;5,814;0,7215;10;9;5;1;4
1715;0;1;45;12;3,7901;2400;49;17;10,833;0,5815;7;7;7,5;1;10
550;0;4;40;12;2,3636;1740;47;12;9,0029;0,7215;14;12;5;1;5
1960;0;2;47;14;10,204;2500;50;12;6,54;0,61;14;12;3;1;7
44;1;2;36;16;6,8182;1840;37;17;5,9783;0,7515;12;10;5;0;3
1920;0;0;56;14;7,2146;2036;56;14;8,6248;0,5815;7;7;7,5;0;38
2540;0;1;41;8;2,4484;3536;43;11;4,8329;0,6215;7;12;9,5;0;16
156;0;3;48;7;1,1987;880;51;11;10,909;0,7515;3;7;11;0;13
780;1;2;36;12;1,641;2007;38;12;3,8864;0,7515;7;7;11;0;1
3120;0;0;41;12;1,7821;2632;44;13;8,4574;0,5515;7;3;5;0;7
2040;0;0;41;14;2,9412;2600;43;12;5;0,6915;7;10;11;1;15
1610;0;3;36;12;4,9689;2156;36;13;7,4212;0,6615;12;17;9,5;1;10
215;0;3;37;12;1,8605;3625;41;12;4,4938;0,6915;10;7;3;0;2
1120;0;0;38;12;8,0357;2420;42;12;7,0252;0,6215;7;3;9,5;1;19
846;0;2;43;14;3,9716;2080;43;9;3,2788;0,7515;3;3;7,5;1;25
3225;0;0;54;16;3,0416;3443;59;17;1,2861;0,7215;12;12;9,5;1;25
1376;0;1;38;12;2,907;2250;41;12;5,5556;0,7215;7;7;5;1;7
980;1;0;30;12;3,0612;2535;34;16;7,4951;0,5815;12;7;11;1;15
1838;0;0;49;12;4,8966;2352;48;15;22,109;0,4415;7;7;9,5;1;11
1494;0;1;45;13;4,0161;3036;49;6;9,058;0,4415;10;10;9,5;1;25
450;0;0;51;13;5,5556;2600;57;14;11,538;0,5215;7;7;9,5;1;19
1976;0;0;34;10;1,2227;2223;39;7;6,0468;0,6915;0;10;7,5;1;4
2012;0;2;34;12;2,6839;2666;34;10;1,3653;0,7515;7;7;7,5;1;14
561;0;1;41;12;2,6738;2006;41;17;16,55;0,5515;10;9;7,5;1;19
1715;0;1;49;12;9,3294;1710;49;17;8,7719;0,64;9;9;11;1;18
1912;0;0;32;12;3,1381;1920;46;14;9,6354;0,6615;12;12;5;1;14
3686;0;0;32;14;0,5426;1647;39;14;6,6788;0,7215;12;12;7,5;1;11
1080;0;2;32;17;8,6111;3080;35;15;7,5727;0,4415;12;12;5;0;4
1799;0;0;47;10;3,6687;1920;48;10;7,8125;0,6615;3;7;7,5;1;29
1984;0;1;39;9;2,3185;2420;47;4;1,9835;0,7515;9;9;7,5;0;21
1839;0;0;49;12;2,882;2205;53;15;9,5238;0,6215;12;12;11;1;24
1579;0;3;37;12;3,1666;3035;39;14;6,425;0,6615;12;7;7,5;1;19
96;0;0;59;16;3,6458;2185;60;15;10,984;0,6215;14;12;7,5;1;31
1920;0;0;50;12;6,25;1880;56;12;12,766;0,5215;7;7;14;1;28
1688;0;1;32;17;10,249;1863;33;17;9,5545;0,61;12;12;9,5;1;15
1589;0;0;46;12;3,2096;2456;48;16;5,4967;0,6615;12;12;11;0;27
345;0;2;43;17;7,6522;1847;46;17;9,7618;0,6915;12;14;14;0;13
1521;0;3;37;11;1,9724;2000;42;6;5;0,7515;7;7;7,5;0;4
1490;0;2;32;16;4,698;1856;35;14;5,9995;0,7215;12;14;9;1;10
989;0;1;39;11;2,1234;1880;43;14;6,9149;0,6915;10;10;9;1;8
600;0;2;34;13;2,3333;3020;35;12;4,9669;0,7215;12;12;7,5;0;4
2646;0;1;39;11;2,3896;2646;41;8;2,3896;0,6915;7;7;5;1;18
2149;0;3;45;8;1,2564;1640;48;9;4,5122;0,7515;7;7;5;1;3
320;0;0;50;11;1,0938;1950;54;11;9,2308;0,6615;3;12;7,5;1;11
1600;0;1;40;12;3,75;1920;39;12;11,458;0,5815;12;7;7,5;1;8
2419;0;1;30;10;3,3072;2025;34;12;7,6993;0,6615;7;7;11;1;10
2005;0;0;57;17;5,1352;2470;56;17;4,183;0,6615;16;12;11;1;33
1960;0;1;39;12;6,6327;1800;43;12;8,3333;0,6215;12;12;9;1;19
2147;0;0;53;12;4,5645;1920;56;8;5,1042;0,6915;12;12;7,5;1;35
1207;0;1;48;17;11,848;2039;53;17;8,2271;0,64;7;12;5;1;21
2000;0;1;46;14;3,75;2570;48;16;5,6634;0,6615;14;14;7,5;0;7
1260;0;0;47;12;4,3651;1914;54;12;5,222;0,7215;7;10;7,5;0;18
90;0;1;43;12;3,9333;1516;47;10;7,19;0,7515;7;7;7,5;0;4
1800;0;0;47;12;3,3333;2520;47;16;13,907;0,4915;12;7;7,5;1;12
573;0;1;47;12;3,3159;2327;48;12;6,0163;0,7215;10;7;14;0;16
1825;0;0;47;12;3,5616;2188;50;12;7,6782;0,6215;7;7;7,5;1;14
75;0;0;46;12;1,6;1864;48;12;5,3112;0,7515;3;7;7,5;1;3
1348;0;4;34;9;2,2255;2183;33;10;4,1228;0,7515;7;7;11;0;1
1880;0;0;48;10;4,7872;1920;55;12;7,8125;0,6215;7;7;11;0;27
1240;0;1;30;12;5,8065;1824;31;12;4,6053;0,7215;10;7;7,5;1;12
848;0;1;51;12;2,3585;2878;54;12;3,9746;0,6615;7;7;3;0;6
150;0;5;52;12;2;2390;54;16;15,063;0,5215;7;12;14;1;9
2000;0;2;37;12;1,9;3120;39;13;4,5064;0,6215;12;12;5;0;2
1952;0;2;32;12;5,123;2040;33;12;5,8824;0,6615;12;7;5;0;6
1456;0;2;36;17;5,4945;2151;35;15;10,228;0,5815;12;14;5;1;9
1740;0;2;35;12;6,3218;1976;37;14;6,5789;0,6615;10;10;7,5;1;16
1400;0;0;45;17;7,1429;2286;51;16;8,8145;0,5815;14;12;5;0;22
2000;0;0;56;12;2,375;2032;60;10;2,9528;0,7515;7;7;14;0;26
1750;0;2;40;10;2,5429;1680;45;4;4,5173;0,7515;7;7;14;0;11
1101;1;2;45;12;2,1798;1560;49;14;5,1282;0,7515;14;12;7,5;1;11
2000;0;2;32;12;2,6;2895;30;12;4,1451;0,7215;10;7;7,5;0;15
1877;0;0;45;12;3,7294;1820;50;8;8,7912;0,6615;10;10;7,5;0;13
160;0;2;40;12;4,375;2450;44;12;7,3061;0,6915;7;12;14;1;6
1886;0;1;38;12;4,4433;1748;42;8;6,0069;0,6915;7;10;9,5;1;20
1446;0;4;49;12;4,2877;1020;45;12;8,3333;0,7515;7;7;14;1;17
1500;0;1;47;16;1,6667;2342;49;17;11,529;0,5815;14;14;11;1;8
860;0;0;52;13;3,2558;2250;53;12;6,6667;0,6615;7;7;11;1;13
1848;0;1;34;13;5,4113;2880;40;16;8,6806;0,5515;12;12;7,5;1;15
1678;0;2;44;12;2,205;2032;46;12;3,468;0,7215;14;12;3;0;14
160;0;3;36;16;4,0625;3120;42;16;3,0321;0,7215;14;7;3;0;14
108;0;0;50;17;0,6482;1760;57;16;13,807;0,5815;14;16;9,5;1;6
1738;0;0;45;12;5,3826;1725;47;12;6,2174;0,6615;0;0;7,5;1;24
1170;0;2;44;14;0,1709;2080;46;13;4,2308;0,7515;16;12;9,5;1;10
15;0;2;57;12;23,467;2040;57;10;11,47;0,6615;7;7;11;1;2
2088;0;0;35;17;9,5785;2940;42;17;12,245;0,5;12;17;9,5;1;9
2490;0;0;46;12;3,6948;2280;52;12;9,2105;0,5815;7;7;7,5;1;23
135;2;1;30;14;2,2222;2164;35;16;6,3309;0,7215;10;12;14;1;12
1944;0;3;42;12;1,749;1999;44;12;7,8039;0,6915;7;3;14;0;8
690;0;1;34;12;1,1594;1824;36;13;7,6754;0,7215;10;7;7,5;1;16
608;0;2;45;17;6,9901;2182;47;16;15,582;0,5515;10;14;14;1;10
63;1;2;35;16;3,9683;2385;37;16;9,6436;0,6615;14;7;14;1;7
154;0;0;40;16;21,429;2460;44;17;12,886;0,5515;7;12;14;1;19
420;0;1;32;12;0,4762;2595;35;16;6,5511;0,6915;12;12;7,5;1;2
651;0;0;54;9;2,1505;2400;57;10;8,25;0,6615;7;7;7,5;1;9
675;0;3;38;12;1,8578;3120;42;8;1,3792;0,7915;7;7;14;0;14
1663;0;3;43;12;4,3295;2850;42;12;5,2632;0,6915;12;14;5;1;9
1680;0;0;54;16;8,9286;760;60;12;10,526;0,72;14;7;9,5;1;16
180;0;3;39;14;2,7778;2500;37;17;10;0,6215;12;12;7,5;1;7
1581;0;1;37;12;2,6565;2630;39;14;12,548;0,5215;7;12;5;1;6
1200;0;2;46;12;2,5;2597;48;8;4,6207;0,7215;7;7;5;1;22
450;0;0;56;11;18,267;2760;60;11;1,854;0,6915;7;7;3;0;9
547;0;3;41;12;0,819;2070;44;8;7,4266;0,7215;12;7;7,5;0;9
300;0;1;45;16;2;2256;48;16;13,298;0,5815;16;7;11;1;14
975;0;1;44;17;15,385;1505;47;16;26,578;0,5;3;3;7,5;1;17
1621;0;1;50;17;6,4775;2364;52;17;13,959;0,4915;16;12;5;0;12
300;0;5;37;14;8,3333;2895;38;14;13,126;0,6215;7;7;11;0;13
1868;0;1;44;12;4,5503;2041;46;12;7,8883;0,6615;16;7;14;0;8
1803;0;2;32;14;2,4958;2195;34;17;8,656;0,6615;7;14;9,5;1;10
2143;1;1;34;12;4,4797;1935;40;12;3,4109;0,7215;10;10;14;0;16
1080;0;2;32;10;2,2324;1950;35;10;4,6256;0,7515;10;10;7,5;0;1
1352;0;3;37;12;2,071;2375;38;14;4,2105;0,7515;10;10;11;0;6
537;0;1;44;13;1,676;1920;55;8;4,2708;0,7715;10;10;9;1;4
352;0;2;34;16;3,4091;3300;33;12;3,3424;0,6915;12;12;14;0;8
200;1;3;33;12;2,5;3680;33;16;8,6359;0,4915;10;3;5;1;4
2045;0;3;43;7;3,9609;1968;43;12;6,7581;0,6915;7;7;7,5;1;15
1253;0;2;35;16;6,2275;2504;33;10;0,5843;0,7715;16;16;11;0;7
1960;0;1;43;14;3,9286;2000;45;14;5,335;0,6915;7;7;7,5;0;14
2000;0;0;34;12;2,9;1656;37;12;4,7101;0,7215;7;7;7,5;0;16
1960;0;3;36;10;4,0816;1968;39;7;4,9797;0,7215;7;0;7,5;0;15
2000;0;2;41;12;2,85;2016;41;12;2,9762;0,7215;7;7;14;0;23
1568;0;0;41;16;7,0153;2602;44;17;12,744;0,4415;7;7;7,5;0;19
1225;0;3;35;10;2,9388;1560;43;9;3,8462;0,7515;10;10;7,5;0;4
780;1;3;32;12;1,9231;1827;37;10;7,2233;0,7515;10;7;5;1;12
480;0;0;30;14;6,875;2080;34;14;8,8077;0,6615;12;12;14;1;12
1923;0;0;43;12;3,9002;3390;47;12;5,3864;0,6215;7;7;7,5;1;25
2000;0;0;54;6;2;2524;57;6;3,6846;0,7215;7;7;7,5;0;14
2110;0;2;35;15;4,9763;2777;34;12;1,8437;0,7215;7;7;7,5;0;14
1664;0;0;50;12;1,2019;3120;54;13;1,3013;0,7215;7;7;7,5;0;11
48;1;1;34;17;22,5;2700;36;17;7,2222;0,6915;14;16;5;1;7
1791;0;0;52;14;6,8677;1904;57;12;7,3529;0,6615;14;12;9,5;1;18
1404;0;3;35;13;3,5613;2360;38;14;11,864;0,6215;7;10;9;1;4
1920;0;0;55;6;1,9792;1960;58;8;5,3327;0,7215;7;7;7,5;0;37
2141;0;0;35;16;5,3713;2000;42;16;5,5;0,6615;7;7;7,5;0;13
1720;0;1;49;14;1,7442;2600;45;16;7,2308;0,5215;16;16;9,5;1;14
3533;2;2;38;15;5,0948;2000;38;9;7;0,64;12;7;9,5;1;17
2000;0;2;42;14;2,5;2218;45;14;7,2137;0,6915;7;7;9,5;1;5
800;0;1;48;8;3,825;2000;52;5;4,5;0,7515;7;7;7,5;0;2
3000;0;0;51;14;1;2595;53;16;8,8632;0,6215;12;12;9,5;1;0
293;0;2;43;12;3,0717;2400;47;12;9,3333;0,6615;12;10;7,5;1;3
1872;0;1;43;12;1,7163;2856;48;12;3,8263;0,6615;12;10;7,5;1;21
2058;0;1;38;12;4,0209;2601;38;14;5,4448;0,6615;10;10;7,5;1;20
1832;0;1;44;12;5,4585;2054;48;9;8,7634;0,6215;3;7;7,5;1;19
120;1;3;36;12;25;2500;35;12;8,4;0,6615;12;10;9,5;1;4
1632;0;0;38;12;2,3897;1960;31;12;5,102;0,7215;12;12;7,5;0;19
778;0;0;47;8;3,2134;2058;51;8;7,4101;0,6915;12;12;5;1;11
1984;0;2;34;12;3,377;2410;49;10;5,3527;0,6915;7;7;7,5;0;14
225;1;2;40;17;1,7778;1278;38;17;19,562;0,6615;16;17;14;1;8
1960;0;1;31;12;3,1633;2875;35;12;5,0783;0,6915;12;12;7,5;0;13
444;0;0;46;12;2,7027;2340;49;12;0,5128;0,8015;10;16;7,5;1;24
384;0;3;36;14;1,6927;3060;43;17;5,402;0,5815;10;10;14;1;1
1170;1;2;39;13;0,2137;1920;47;12;7,8646;0,7215;12;16;11;1;1
1330;0;2;36;17;6,7669;3390;38;12;6,0531;0,5515;7;7;14;0;3
1350;0;4;37;8;1,7407;2400;41;12;5;0,7515;7;7;3;0;4
480;0;4;39;12;2,5;1640;40;11;7,6829;0,7515;7;9;3;0;21
1984;1;3;36;11;4,4859;1656;38;8;6,0386;0,7215;7;3;14;0;10
1944;0;2;49;12;2,572;1920;53;16;5,851;0,7215;7;7;5;1;13
50;1;1;45;12;3,46;1780;46;10;6,7416;0,7215;7;7;9,5;1;9
460;2;0;32;17;4,7826;1850;31;17;8,1081;0,7215;7;7;7,5;0;14
680;0;5;36;10;2,3118;3430;43;12;5,3061;0,7215;7;7;7,5;0;2
2450;0;1;40;12;5,3061;2008;40;8;7,2709;0,6215;7;7;5;1;21
2144;0;2;43;13;5,8675;2140;43;11;8,1776;0,5815;7;7;7,5;1;22
1760;0;1;33;12;3,4091;3380;34;12;7,1006;0,5815;12;16;11;1;14
490;0;1;30;12;4,0816;2430;33;11;6,5844;0,6915;12;12;7,5;1;7
0;0;1;49;12;0;2550;54;15;7,8529;0,6615;14;12;7,5;1;2
0;2;0;30;16;0;1928;34;16;11,929;0,6615;14;7;9,5;1;5
0;1;0;30;12;0;1100;39;17;18;0,6615;12;12;7,5;0;12
0;0;4;41;12;0;3193;40;16;10,022;0,5815;7;7;7,5;1;1
0;0;1;45;12;0;2250;46;16;9,3333;0,6615;7;7;5;1;12
0;0;5;43;12;0;2012;44;13;6,085;0,7515;7;7;7,5;1;4
0;0;1;42;13;0;3856;46;15;5,7054;0,6615;10;7;11;1;9
0;0;0;60;12;0;1645;58;12;9,1185;0,7215;7;7;7,5;1;9
0;0;0;57;12;0;1554;57;12;7,2072;0,7215;9;3;7,5;1;6
0;0;2;38;10;0;2352;41;8;5,3146;0,7515;12;7;5;0;5
0;0;0;56;12;0;1980;58;12;8,2828;0,6915;12;12;7,5;1;5
0;0;3;32;12;0;2352;37;7;7,0578;0,7215;10;7;5;0;8
0;0;1;49;7;0;1784;58;6;6,1659;0,7515;7;7;7,5;1;2
0;0;0;55;12;0;2500;58;12;2,7;0,7215;7;10;3;0;6
0;1;1;36;9;0;2088;39;14;7,6628;0,7215;7;7;11;0;0
0;0;3;44;12;0;4640;50;12;1,8491;0,7515;9;9;14;0;3
0;0;1;44;10;0;3900;60;12;3,8462;0,7215;7;14;7,5;1;7
0;1;2;35;14;0;1988;34;17;9,0543;0,7215;3;12;7,5;1;3
0;2;3;44;14;0;1920;45;10;9,375;0,7215;10;10;14;0;10
0;0;1;45;12;0;2400;45;12;8,3333;0,6615;12;12;14;1;3
0;1;0;34;12;0;1867;38;12;9,3733;0,6915;12;17;5;1;2
0;2;0;30;17;0;3570;32;17;4,4818;0,7215;12;12;7,5;1;12
0;0;1;39;8;0;2805;44;12;5,3476;0,7215;7;3;3;0;15
0;0;2;36;12;0;1110;39;15;3,2027;0,7815;7;7;14;0;5
0;0;2;38;17;0;2695;42;16;12,801;0,5515;10;12;9,5;1;4
0;0;0;53;12;0;1950;54;16;6,9103;0,6215;10;10;7,5;1;10
0;0;2;36;12;0;2128;42;12;4,2293;0,7715;7;7;3;0;1
0;1;1;32;12;0;3260;31;12;4,4479;0,7215;12;7;7,5;1;8
0;0;3;51;9;0;1987;51;12;8,0523;0,7215;7;7;14;1;20
0;0;0;38;11;0;2185;46;11;7,5057;0,6915;10;7;14;1;4
0;2;0;33;12;0;2475;36;12;7,4747;0,6915;10;10;11;1;7
0;0;0;54;12;0;2610;53;12;6,3218;0,6915;16;10;9,5;1;10
0;0;3;38;9;0;1920;44;12;2,1354;0,8015;7;3;11;0;3
0;2;2;30;11;0;2352;31;14;4,2092;0,7715;7;7;3;0;5
0;2;3;34;12;0;3160;30;12;0,7595;0,9415;12;12;7,5;0;10
0;0;1;34;9;0;1040;37;13;4,8077;0,7915;12;7;3;0;0
0;0;2;50;12;0;3120;49;12;12,788;0,5215;10;7;7,5;1;3
0;2;0;30;17;0;2240;30;16;7,1429;0,7215;12;12;11;0;10
0;0;2;38;12;0;1980;42;16;15,152;0,5815;10;7;11;1;2
0;0;0;54;14;0;1960;58;14;7,9082;0,7215;12;12;9,5;1;10
0;1;2;30;12;0;2940;31;17;6,9728;0,6915;12;12;7,5;1;4
0;0;0;55;12;0;2467;56;11;4,9181;0,5815;7;7;5;1;0
0;0;1;51;10;0;2256;56;12;8,3112;0,6915;10;10;11;0;10
0;0;1;44;12;0;1680;46;12;7,1429;0,7215;7;7;9,5;1;5
0;0;0;53;12;0;2250;55;12;5,6889;0,7215;7;7;5;0;0
0;0;2;42;10;0;2400;49;9;7,0833;0,7215;3;3;5;0;0
0;0;2;38;12;0;2196;42;11;5,6922;0,7215;10;7;7,5;0;19
0;1;3;38;13;0;2400;40;12;11,4;0,6215;7;7;7,5;1;2
0;1;4;41;12;0;3825;41;11;1,4152;0,8015;3;3;9,5;1;12
0;0;3;35;8;0;2860;44;9;2,7507;0,7815;12;7;9,5;1;5
0;1;2;33;12;0;2750;34;12;6,6182;0,7215;12;12;9,5;1;5
0;0;0;48;13;0;2103;50;16;9,2725;0,6915;7;7;7,5;0;5
0;0;0;47;12;0;1880;51;12;12,287;0,6215;12;10;7,5;1;10
0;0;5;34;12;0;3185;41;13;2,8549;0,7515;7;7;7,5;1;0
0;2;1;33;13;0;2677;37;17;7,9709;0,5215;12;10;5;1;4
0;3;1;31;13;0;3600;36;17;19,444;0,4415;12;16;11;0;3
0;0;0;58;8;0;4334;58;8;1,4806;0,7515;12;7;7,5;1;2
0;0;0;49;12;0;2874;52;8;1,8918;0,7515;7;7;3;0;1
0;0;1;55;8;0;1936;56;9;6,9215;0,7215;7;3;7,5;1;0
0;0;0;44;14;0;1964;49;8;10,692;0,6615;12;12;14;1;1
0;0;0;44;9;0;1900;48;8;9,9474;0,6915;7;7;11;1;1
0;0;3;36;16;0;2500;37;17;19;0,4615;7;12;9,5;1;6
0;0;3;38;12;0;3173;46;14;7,4882;0,6615;14;14;9,5;1;12
0;0;3;37;16;0;2916;38;17;9,259;0,6215;16;7;7,5;1;6
0;0;0;47;12;0;2208;51;12;11,322;0,6215;12;7;5;1;9
0;0;3;47;12;0;2094;47;10;6,447;0,7515;12;10;7,5;1;14
0;1;1;32;12;0;2250;33;12;6,5778;0,7215;7;7;9;1;13
0;1;2;43;12;0;2000;46;12;6,1;0,7515;12;7;7,5;0;8
0;1;4;42;11;0;2600;48;10;4,2308;0,7815;10;10;3;0;0
0;0;0;56;12;0;4368;57;8;2,217;0,7215;7;7;7,5;0;1
0;0;5;38;13;0;3068;40;16;6,5189;0,6915;12;7;11;1;3
0;0;2;52;12;0;2218;51;11;6,4923;0,7215;7;7;14;1;13
0;0;0;50;12;0;1848;56;12;11,364;0,6615;12;12;7,5;1;3
0;0;0;33;16;0;2430;33;17;9,8765;0,6615;12;12;7,5;1;8
0;0;2;44;16;0;2640;44;17;7,6576;0,6915;7;7;7,5;1;8
0;0;1;41;12;0;2108;42;16;8,3017;0,6915;7;7;14;0;18
0;0;1;45;12;0;1998;45;12;14,114;0,6215;14;12;11;1;2
0;0;0;53;14;0;2500;55;16;16;0,5215;7;7;7,5;0;3
0;0;0;53;14;0;1665;56;17;11,291;0,6915;12;12;14;1;5
0;0;1;42;12;0;2990;46;12;2,3395;0,7215;12;10;9,5;1;2
0;2;0;32;13;0;1795;35;16;7,7994;0,7215;12;17;7,5;1;10
0;0;0;56;12;0;2500;53;12;6;0,7215;7;7;7,5;1;30
0;1;3;37;11;0;2205;40;11;6,6893;0,7515;10;7;11;1;1
0;1;2;40;12;0;2460;42;14;8,5366;0,6915;12;7;14;1;5
0;0;3;54;15;0;1880;55;16;13,83;0,6215;0;7;7,5;1;8
0;0;0;53;7;0;3481;53;9;1,48;0,7515;7;7;7,5;0;0
0;0;1;48;12;0;2450;51;12;8,5714;0,6615;7;7;9,5;1;4
0;1;2;36;12;0;2062;38;14;8,2299;0,7215;7;7;9,5;1;2
0;0;0;57;12;0;2146;52;14;8,3877;0,6915;7;7;7,5;1;30
0;0;0;51;12;0;1575;49;7;7,3651;0,7215;10;7;14;1;25
0;0;4;33;13;0;3096;37;12;3,4415;0,7215;7;0;3;0;3
0;0;0;52;12;0;3280;49;11;3,3537;0,7515;7;7;7,5;1;20
0;0;0;56;10;0;1680;60;8;2,9762;0,7815;0;7;7,5;1;20
0;1;2;36;12;0;2625;38;11;5,181;0,7515;14;9;7,5;1;0
0;1;0;36;14;0;1846;50;16;10,293;0,6915;12;12;7,5;0;15
0;0;1;46;12;0;2178;47;10;13,243;0,5815;10;7;14;1;10
0;0;3;31;10;0;960;33;9;3,6458;0,9415;7;7;7,5;0;4
0;0;0;52;11;0;2210;51;12;10,407;0,6615;7;7;11;1;3
0;0;2;46;12;0;2192;55;12;8,2117;0,6915;7;7;7,5;1;10
0;2;0;35;12;0;1960;44;16;8,6735;0,7215;7;3;7,5;1;9
0;0;0;59;12;0;1920;56;10;8,3208;0,6915;7;7;14;0;7
0;0;1;36;8;0;2286;40;12;4,287;0,7515;0;0;14;0;12
0;1;3;51;7;0;2000;52;7;10,5;0,5215;3;3;14;0;0
0;1;0;31;16;0;2256;31;12;7,9787;0,6915;12;12;9;1;16
0;0;2;31;14;0;2370;36;17;11,814;0,6215;12;12;14;1;4
0;1;1;32;12;0;1800;39;13;6,1111;0,7515;12;12;7,5;1;7
0;1;2;35;16;0;2250;38;16;12,578;0,6215;12;7;14;1;7
0;0;3;40;12;0;1080;43;12;11,244;0,7515;7;10;7,5;1;14
0;1;2;33;10;0;2840;38;12;2,7408;0,7815;7;7;14;0;2
0;0;0;54;7;0;2250;52;11;4,4444;0,7515;0;0;3;1;20
0;1;1;36;12;0;2746;37;12;5,8267;0,7215;12;12;7,5;1;5
0;0;1;50;10;0;2300;60;8;2,3478;0,7815;12;7;3;0;10
0;0;0;54;8;0;2860;49;8;4,4755;0,7215;0;0;3;0;20
0;0;1;48;11;0;1765;49;12;8,4986;0,7215;7;7;7,5;1;10
0;0;4;41;15;0;2520;42;16;7,1825;0,7215;14;17;5;0;8
0;0;4;50;12;0;2208;53;12;10,87;0,6615;12;7;14;1;11
0;0;2;46;12;0;2119;51;8;7,1222;0,7215;10;7;7,5;1;3
0;0;1;42;13;0;2580;47;17;10,6592;0,5815;12;12;7,5;0;6
0;1;2;31;9;0;1984;34;12;3,2762;0,7915;3;3;14;0;4
0;0;0;53;12;0;1880;58;8;7,7521;0,7215;10;10;14;0;4
0;0;1;51;12;0;2185;57;12;11,945;0,6215;3;3;7,5;1;9
0;0;1;47;12;0;2080;57;12;4,6154;0,7515;7;9;11;1;10
0;0;1;50;12;0;1920;50;12;13,021;0,6215;12;12;14;1;3
0;0;1;37;6;0;3000;52;5;2,6667;0,7515;7;7;7,5;0;2
0;2;2;30;12;0;2100;31;12;8,8333;0,5815;12;12;11;0;2
0;0;0;49;12;0;1690;39;12;2,3669;0,7915;16;16;5;1;0
0;0;2;52;12;0;2600;49;16;5;0,7515;7;0;14;1;8
0;0;2;47;12;0;1984;49;16;7,4597;0,7215;10;7;14;1;6
0;0;0;49;12;0;2064;53;12;7,7519;0,7215;7;7;11;1;15
0;0;4;44;12;0;2553;31;16;5,4054;0,7515;12;10;14;1;15
0;0;0;53;8;0;2776;59;9;6,1239;0,6915;9;9;9,5;1;9
0;1;0;30;12;0;2315;31;13;8,3369;0,6915;7;12;14;0;8
0;0;2;54;12;0;1880;55;12;7,1277;0,7215;7;10;7,5;1;18
0;1;1;47;7;0;2160;51;7;6,1204;0,6915;0;0;7,5;1;3
0;0;0;56;15;0;900;56;12;3,1111;0,7515;7;7;14;1;10
0;0;1;49;12;0;2467;52;16;12,161;0,5815;7;7;11;0;6
0;0;0;48;6;0;1820;55;12;5,3846;0,7515;7;7;9,5;1;20
0;0;1;49;12;0;2223;53;10;3,9838;0,7515;10;12;9,5;0;8
0;0;1;56;12;0;2142;60;12;7,4697;0,7215;12;16;11;0;3
0;0;0;46;12;0;1928;46;11;11,411;0,6615;7;7;7,5;1;4
0;0;2;45;12;0;2783;49;17;12,936;0,5515;12;12;14;1;13
0;0;2;32;12;0;1960;35;12;5,6122;0,7515;12;7;11;1;4
0;1;1;43;12;0;1920;41;12;6,8099;0,7515;7;7;14;1;17
0;1;1;34;12;0;1587;39;12;8,5066;0,7215;7;7;9,5;1;4
0;1;1;30;12;0;2496;51;10;5,508;0,6615;7;10;5;0;0
0;2;0;38;17;0;2280;39;12;7,2285;0,6915;12;16;5;1;15
0;1;1;33;16;0;2750;36;17;9,4545;0,6215;16;16;9,5;0;11
0;0;0;52;12;0;2115;55;12;8,9835;0,6915;7;7;9,5;1;23
0;0;3;43;11;0;2590;45;12;5,9846;0,7215;12;14;7,5;1;1
0;1;1;33;12;0;2372;34;12;3,9629;0,7515;12;7;9,5;0;5
0;0;0;45;10;0;2295;48;12;7,0575;0,5815;7;7;7,5;0;1
0;2;1;36;10;0;2096;38;12;7,1565;0,7215;10;10;14;1;5
0;1;1;34;12;0;3315;39;17;4,0145;0,6615;12;12;9,5;1;3
0;0;2;37;14;0;1777;50;16;3,8829;0,7215;10;14;11;0;3
0;0;1;46;10;0;1880;51;12;7,9787;0,7215;7;7;11;0;19
0;0;0;47;12;0;2184;55;10;5,0366;0,7515;12;12;9,5;1;20
0;2;1;31;16;0;3250;32;16;7,0769;0,6615;12;12;7,5;1;5
0;0;0;57;5;0;1520;58;5;3,6184;0,7715;7;7;14;0;0
0;1;1;30;12;0;3119;30;13;13,466;0,4915;10;10;5;1;3
0;0;0;30;12;0;640;43;17;14,531;0,7215;12;10;11;1;3
0;0;3;44;12;0;2250;45;12;6,8;0,7215;12;12;9,5;1;7
0;0;0;53;13;0;3000;53;13;6,6667;0,6615;7;12;7,5;1;7
0;0;0;51;8;0;2028;54;8;5,9172;0,7215;7;7;9,5;1;1
0;1;3;39;12;0;2412;36;14;10,24;0,6615;12;7;5;1;13
0;0;0;52;8;0;2452;54;12;8,1566;0,6915;7;3;3;0;0
0;0;4;46;8;0;2304;50;12;6,6775;0,7215;3;3;11;1;0
0;0;5;47;12;0;3120;49;12;0,9615;0,9415;7;7;3;0;12
0;0;2;52;8;0;1670;54;8;16,907;0,4415;7;3;7,5;1;0
0;0;2;45;12;0;2137;46;15;13,57;0,6215;10;14;7,5;1;5
0;0;0;60;11;0;2071;52;11;8,9329;0,6915;7;7;7,5;1;45
0;0;2;41;13;0;1960;54;7;4,7372;0,7215;17;7;11;0;10
0;0;3;39;8;0;2068;45;12;8,5106;0,7215;7;7;7,5;1;2
0;0;1;49;12;0;2190;51;12;5,2511;0,7515;7;7;7,5;0;3
0;1;1;32;15;0;2295;37;13;21,786;0,4415;12;12;14;1;1
0;1;3;33;12;0;2970;34;13;7,9125;0,6615;12;12;14;1;5
0;0;4;36;10;0;2068;37;8;7,1083;0,7515;7;9;14;0;10
0;3;3;37;13;0;2419;39;14;5,0434;0,7715;7;0;5;0;4
0;1;2;30;12;0;2150;34;11;2,2442;0,7815;12;12;11;0;7
0;1;1;44;11;0;1152;37;10;8,5069;0,7515;7;12;9,5;1;9
0;0;1;48;12;0;2640;49;12;7,5758;0,6915;7;12;5;1;5
0;0;4;40;11;0;2550;45;11;5,8824;0,7515;7;7;14;1;4
0;0;0;47;13;0;1360;49;16;40,441;0,4415;9;9;5;1;11
0;0;2;36;12;0;2420;40;12;6,2339;0,7215;12;7;5;1;9
0;0;2;40;11;0;2205;42;14;9,2971;0,6915;7;12;5;1;4
0;0;1;46;12;0;3268;46;12;0,7038;0,9415;12;7;7,5;1;2
0;0;0;52;12;0;3672;54;12;2,5425;0,6915;3;12;7,5;0;23
0;0;1;44;12;0;1800;45;12;5,0833;0,7515;12;12;11;0;3
0;0;1;45;10;0;1926;46;14;7,6843;0,7215;7;7;7,5;1;15
0;2;1;30;7;0;1920;35;7;4,0625;0,7815;7;3;7,5;0;8
0;1;3;40;12;0;2080;44;12;6,5106;0,6615;12;12;14;1;3
0;0;1;43;12;0;2856;43;12;2,951;0,7215;7;12;7,5;0;25
0;0;2;49;12;0;2115;53;10;5,6738;0,7515;12;3;11;1;2
0;1;4;46;12;0;1880;48;12;12,766;0,6615;12;12;11;1;0
0;0;0;52;11;0;2000;52;12;6;0,7515;7;7;11;0;19
0;1;1;31;12;0;2044;33;15;9,2955;0,6915;7;10;9,5;1;3
0;1;1;42;10;0;1677;47;11;5,1324;0,7515;7;7;5;0;7
0;0;3;33;11;0;2184;38;8;9,0659;0,6915;7;14;7,5;1;1
0;0;0;57;16;0;3185;57;13;11,931;0,4415;7;12;14;1;9
0;0;0;49;10;0;2680;51;10;6,7164;0,6915;10;10;11;1;3
0;0;1;45;14;0;3615;47;14;4,5851;0,6915;14;12;11;1;8
0;0;0;56;11;0;2139;56;12;9,2567;0,6915;7;7;14;1;0
0;1;3;41;12;0;3080;43;12;8,5656;0,6215;10;10;7,5;1;5
0;0;0;56;5;0;1261;53;6;6,7407;0,7515;3;3;14;1;20
0;0;1;48;10;0;2227;48;10;9,8788;0,6915;7;7;5;1;3
0;0;2;52;16;0;1920;53;16;9,375;0,6615;12;10;7,5;1;12
0;0;0;51;12;0;2350;55;12;6,277;0,7215;7;7;14;1;5
0;0;3;35;11;0;1785;39;10;6,4241;0,7515;7;7;7,5;0;1
0;0;0;45;12;0;2598;51;12;8,3718;0,6615;7;7;5;0;0
0;0;0;54;12;0;2455;58;17;12,22;0,5815;7;7;9,5;1;7
0;0;2;54;12;0;2450;54;13;3,5612;0,7215;10;10;9,5;1;13
0;1;0;31;12;0;1218;32;8;8,867;0,7515;7;7;3;0;3
0;0;3;53;6;0;2040;54;4;1,8515;0,9415;7;7;11;0;0
0;2;2;35;14;0;2600;34;14;8,0769;0,5515;16;14;3;0;2
0;1;3;36;12;0;2450;40;16;8,9796;0,6615;12;16;7,5;0;0
0;0;0;59;12;0;2717;60;12;6,6618;0,6615;7;7;11;1;2
0;0;0;54;16;0;2701;54;17;11,107;0,5815;16;17;5;1;1
0;1;1;37;12;0;2600;47;17;14,077;0,5515;7;7;9;1;10
0;0;0;44;12;0;3640;54;10;0,4121;0,9415;7;7;7,5;1;10
0;1;2;34;17;0;2940;40;16;23,81;0,4415;12;12;5;1;1
0;0;0;49;12;0;1880;50;12;9,5745;0,6915;7;7;11;0;3
0;0;0;49;12;0;3500;51;12;1,9286;0,7215;7;7;3;0;32
0;0;0;60;9;0;3320;60;8;2,5783;0,7215;7;7;3;0;0
0;0;0;51;12;0;1605;55;12;7,2274;0,7215;7;7;7,5;1;7
0;1;1;30;12;0;2500;30;14;8,8;0,6615;12;10;5;1;5
0;0;2;47;12;0;2400;49;9;7,75;0,6615;7;7;11;1;2
0;0;4;36;12;0;1634;45;17;14,688;0,6615;12;12;7,5;1;5
0;1;3;35;12;0;2260;38;12;10,487;0,6615;7;7;9,5;1;3
0;0;0;58;12;0;3478;53;12;4,0253;0,7215;12;9;11;0;25
0;1;3;41;14;0;2550;42;16;11,765;0,6215;14;12;7,5;0;0
0;0;1;51;10;0;840;52;8;9,5238;0,7515;7;7;14;1;3
0;0;0;47;12;0;1520;52;12;6,9079;0,7215;7;7;11;0;10
0;1;2;45;9;0;1920;35;9;5,151;0,7515;12;3;11;0;10
0;0;0;60;14;0;2703;55;17;20,496;0,4415;16;14;14;1;7
0;1;1;30;16;0;1896;46;16;13,555;0,6615;12;12;9,5;1;5
0;0;0;55;11;0;1960;57;13;14,796;0,5815;7;3;5;1;15
0;1;2;32;12;0;3060;50;8;1,6905;0,7815;10;7;3;0;1
0;0;2;36;12;0;2805;38;12;7,2296;0,5215;7;7;3;0;5
0;0;0;55;12;0;1944;53;7;4,1152;0,7515;3;3;14;0;9
0;0;0;47;12;0;1960;47;12;2,999;0,7715;3;3;14;0;18
0;0;1;47;12;0;2112;52;8;8,0492;0,6915;7;7;14;1;1
0;0;1;37;11;0;2544;39;12;8,577;0,6215;12;7;3;0;0
0;0;2;50;12;0;1700;53;17;9,3235;0,5815;10;12;3;0;6
0;0;3;30;12;0;2550;31;12;4,7059;0,7515;3;7;14;0;1
0;0;1;48;17;0;2080;45;17;9,1346;0,6615;16;17;3;0;2
0;0;2;43;10;0;2060;49;12;7,767;0,7215;10;10;5;1;15
0;1;0;48;11;0;1955;46;8;4,1269;0,7515;7;7;3;0;25
0;1;2;41;14;0;2500;44;17;10;0,6615;17;7;14;1;1
0;0;0;50;12;0;2750;52;10;4,0727;0,7515;7;10;7,5;1;0
0;0;0;58;8;0;2040;59;5;7,8529;0,5815;3;3;7,5;0;0
0;0;5;38;13;0;3275;43;15;7,8168;0,6615;12;16;7,5;1;0
0;0;1;37;12;0;2400;39;12;9,1667;0,6615;7;12;5;0;8
0;0;0;50;16;0;2024;51;17;29,644;0,4415;12;7;9,5;1;22
0;0;4;42;8;0;1840;44;6;4,0761;0,7915;3;3;7,5;1;5
0;1;3;37;9;0;2033;37;17;8,362;0,7215;10;10;9,5;1;10
0;0;2;41;16;0;1946;40;17;12,062;0,4415;16;17;9;1;1
0;0;2;31;12;0;3660;31;12;2,3251;0,7515;10;7;3;0;1
0;0;0;51;12;0;2088;55;11;10,01;0,6615;7;7;5;1;6
0;1;2;36;12;0;2048;41;12;5,2734;0,7515;7;7;5;0;4
0;0;0;54;15;0;1920;52;15;10,417;0,6915;14;16;14;0;6
0;0;0;49;12;0;2000;54;12;7,5;0,7215;7;7;14;1;0
0;1;1;48;9;0;2204;47;8;6,3521;0,7215;10;12;5;0;1
0;0;2;42;9;0;3157;45;10;3,8071;0,7215;7;14;9,5;0;3
0;1;2;41;12;0;1665;44;14;9,9099;0,7215;3;16;9,5;1;15
0;0;0;55;16;0;2304;56;11;2,6701;0,7215;12;12;7,5;0;33
0;0;0;42;9;0;2275;46;8;4,3956;0,7515;7;7;5;1;2
0;0;1;32;15;0;2760;33;17;7,971;0,6615;12;12;7,5;1;1
0;0;2;43;12;0;1750;44;14;15,429;0,5815;7;7;7,5;1;10
0;1;3;33;12;0;3366;37;13;1,9854;0,7215;7;7;5;1;0
0;0;1;48;15;0;2205;51;16;7,2562;0,7215;10;14;9,5;1;14
0;0;2;43;12;0;1990;48;9;7,0352;0,7215;3;16;7,5;1;15
0;1;3;47;17;0;1930;57;16;8,1347;0,6915;14;12;7,5;1;15
0;0;0;54;12;0;1350;60;12;11,981;0,5515;12;12;7,5;1;10
0;0;1;51;12;0;3340;52;12;5,9922;0,6615;7;3;7,5;1;6
0;0;1;51;10;0;960;57;10;4,1458;0,7515;14;7;7,5;0;18
0;1;1;43;13;0;2732;42;13;8,5102;0,6215;12;10;7,5;0;15
0;0;0;53;12;0;1624;59;8;2,9631;0,7515;0;3;3;0;30
0;1;1;34;11;0;1804;36;12;8,8149;0,6215;7;7;7,5;0;15
0;1;1;31;8;0;2805;31;10;2,4955;0,7815;7;7;7,5;0;10
0;0;0;56;12;0;2160;59;8;4,8843;0,7515;10;7;7,5;1;0
0;0;1;42;16;0;2052;55;15;10,2;0,6615;12;7;9,5;1;0
0;0;2;32;12;0;2250;35;16;10;0,6615;12;14;9,5;1;4
0;1;3;35;12;0;1120;37;12;5,3571;0,8015;12;12;9,5;1;0
0;1;1;30;12;0;2450;36;14;9,7959;0,6615;14;14;9,5;1;3
0;0;0;51;10;0;3432;50;11;1,3741;0,7715;7;7;7,5;0;20
0;0;3;47;12;0;2700;48;12;3,463;0,7215;7;7;3;0;3
0;0;1;54;12;0;2817;55;13;5,0408;0,7215;3;7;3;0;1
0;3;0;31;15;0;3000;34;17;16,667;0,4415;7;10;7,5;1;5
0;0;0;47;10;0;2125;45;11;4,3294;0,7515;7;7;5;1;7
0;0;3;47;14;0;1864;42;16;10,193;0,6915;7;7;11;1;6
0;0;3;40;12;0;2400;39;12;7,5833;0,7215;7;7;7,5;1;2
0;0;0;48;8;0;2160;50;7;4,1204;0,7515;3;3;7,5;0;0
0;0;7;34;8;0;1040;51;7;4,8077;0,9415;3;7;11;1;10
0;0;3;38;12;0;2450;42;16;3,1531;0,7515;7;10;9,5;1;6
0;1;3;32;12;0;2500;34;16;19;0,4615;7;10;7,5;1;4
0;0;1;48;16;0;2131;45;17;6,0535;0,6215;12;7;7,5;1;8
0;0;2;41;12;0;2165;46;7;3,7875;0,7715;7;7;7,5;0;18
0;0;2;49;5;0;2230;43;3;2,9287;0,7815;0;0;7,5;0;7
0;0;0;59;8;0;1995;55;12;9,2972;0,6915;3;7;11;1;15
0;0;0;58;13;0;2025;57;16;9,3827;0,6615;7;7;11;1;7
0;0;3;41;12;0;2450;48;15;26,531;0,4415;7;14;14;1;8
0;0;2;45;12;0;2160;45;12;40,509;0,4415;10;10;14;1;8
0;1;1;30;14;0;1715;32;17;15,16;0,6215;12;10;11;0;3
0;0;1;41;12;0;3018;42;16;18,964;0,4415;7;7;7,5;1;10
0;2;0;30;12;0;2216;33;16;5,4152;0,7515;10;10;7,5;0;9
0;0;1;53;12;0;2499;54;12;1,9988;0,7515;12;7;7,5;1;24
0;0;0;31;12;0;2250;37;14;8;0,6915;10;7;7,5;0;12
0;0;2;43;14;0;2116;44;17;11,153;0,6615;12;12;11;1;2
0;1;1;31;12;0;2016;30;14;5,9524;0,7515;12;14;14;1;6
0;0;0;51;12;0;2470;60;10;2,1194;0,7515;10;3;7,5;1;18
0;0;0;43;9;0;1640;45;12;3,8384;0,7715;7;7;5;1;17
0;1;2;31;14;0;2016;34;16;17,361;0,4915;16;16;5;1;7
0;0;0;48;11;0;2185;48;12;8,0092;0,6915;7;10;9,5;1;6
0;1;1;31;12;0;800;33;14;3;0,8015;12;7;9,5;1;10
0;0;1;44;12;0;3022;46;12;10,589;0,5815;7;7;7,5;1;5
0;0;1;48;11;0;1512;50;14;10,913;0,7215;10;7;7,5;1;7
0;0;1;53;12;0;2677;53;12;5,6033;0,7215;0;0;7,5;1;11
0;0;3;42;10;0;3150;44;12;7,9365;0,6615;3;3;11;1;14
0;2;6;39;12;0;1430;34;12;2,9476;0,9415;7;0;9,5;1;5
0;1;2;32;10;0;3307;36;4;2,0562;0,7915;7;3;7,5;0;2
0;0;2;36;12;0;3120;39;12;1,3013;0,7915;7;12;14;0;4
0;0;2;40;13;0;3020;43;16;9,2715;0,6215;10;10;9,5;1;5
0;2;3;31;12;0;2056;33;12;4,8638;0,7715;12;12;7,5;0;14
0;0;0;43;12;0;2383;43;12;1,0898;0,7515;10;3;7,5;0;4
0;0;0;60;12;0;1705;55;8;12,44;0,6215;12;12;14;1;15
0;0;3;39;9;0;3120;48;12;6,0897;0,6915;7;7;11;1;12
