Country;Region;Life_expectancy;Alcohol_consumption;Hepatitis_B;Measles;BMI;Polio;Diphtheria;Incidents_HIV;GDP_per_capita;Population_mln;Thinness_ten_nineteen_years;Thinness_five_nine_years;Schooling;Economy_status_Developed;Alcohol_consumption2;Hepatitis_B2;Measles2;Polio2;Diphtheria2;Incidents_HIV2;BMI2;GDP_per_capita2;Population_mln2;Thinness_ten_nineteen_years2;Schooling2;LAlcohol_consumption;LHepatitis_B;LMeasles;LPolio;LDiphtheria;LIncidents_HIV;LBMI;LGDP_per_capita;LPopulation_mln;LThinness_ten_nineteen_years;LSchooling
Saudi Arabia;Middle East;74,5;0;98;98;28,3;98;98;0,13;20328;30,92;7,7;7,5;9,5;0;0;9604;9604;9604;9604;0,0169;800,89;413227584;956,0464;59,29;90,25;;4,584967479;4,584967479;4,584967479;4,584967479;-2,040220829;3,342861805;9,919754525;3,431403224;2,041220329;2,251291799
Singapore;Asia;82,5;1,84;96;90;23,6;96;96;0,08;54683;5,47;2,2;2,2;11,4;0;3,3856;9216;8100;9216;9216;0,0064;556,96;2990230489;29,9209;4,84;129,96;0,609765572;4,564348191;4,49980967;4,564348191;4,564348191;-2,525728644;3,161246712;10,90930815;1,699278616;0,78845736;2,433613355
Costa Rica;Central America and Caribbean;79,4;3,12;91;90;27,2;91;91;0,19;11355;4,8;1,7;1,7;8,6;0;9,7344;8281;8100;8281;8281;0,0361;739,84;128936025;23,04;2,89;73,96;1,137833002;4,510859507;4,49980967;4,510859507;4,510859507;-1,660731207;3,303216973;9,337413455;1,568615918;0,530628251;2,151762203
Austria;European Union;81,5;12,4;98;87;25,5;98;98;0,08;44245;8,55;1,8;2;12,1;1;153,76;9604;7569;9604;9604;0,0064;650,25;1957620025;73,1025;3,24;146,41;2,517696473;4,584967479;4,465908119;4,584967479;4,584967479;-2,525728644;3,238678452;10,69749765;2,145931283;0,587786665;2,493205453
Argentina;South America;75,9;7,93;94;96;27,5;92;94;0,13;13568;42,67;1;0,9;9,8;0;62,8849;8836;9216;8464;8836;0,0169;756,25;184090624;1820,7289;1;96,04;2,070653036;4,543294782;4,564348191;4,521788577;4,543294782;-2,040220829;3,314186005;9,515469358;3,753496097;0;2,282382386
France;European Union;82,7;12,07;83;77;25;98;98;0,1;36379;66,31;0,6;0,6;11,4;1;145,6849;6889;5929;9604;9604;0,01;625;1323431641;4397,0161;0,36;129,96;2,490723035;4,418840608;4,343805422;4,584967479;4,584967479;-2,302585093;3,218875825;10,50174696;4,194340715;-0,510825624;2,433613355
Switzerland;Rest of Europe;83,2;9,62;88;87;25,1;96;96;0,05;84348;8,19;0,4;0,3;13,4;1;92,5444;7744;7569;9216;9216;0,0025;630,01;7114585104;67,0761;0,16;179,56;2,263844265;4,477336814;4,465908119;4,564348191;4,564348191;-2,995732274;3,222867846;11,34270638;2,102913898;-0,916290732;2,595254707
Zambia;Africa;60,8;4,22;86;33;22,4;78;86;4,77;1341;15,4;6,3;6,2;6,9;0;17,8084;7396;1089;6084;7396;22,7529;501,76;1798281;237,16;39,69;47,61;1,439835128;4,454347296;3,496507561;4,356708827;4,454347296;1,562346305;3,109060959;7,201170883;2,734367509;1,840549633;1,931521412
Dominican Republic;Central America and Caribbean;73;5,23;89;83;26,3;90;91;0,4;6547;10,17;3,3;3,2;7,8;0;27,3529;7921;6889;8100;8281;0,16;691,69;42863209;103,4289;10,89;60,84;1,654411278;4,48863637;4,418840608;4,49980967;4,510859507;-0,916290732;3,269568939;8,786762208;2,31944221;1,193922468;2,054123734
Papua New Guinea;Oceania;63,2;1,35;67;65;25,4;43;73;0,4;2565;7,95;1,3;1,3;4,3;0;1,8225;4489;4225;1849;5329;0,16;645,16;6579225;63,2025;1,69;18,49;0,300104592;4,204692619;4,17438727;3,761200116;4,290459441;-0,916290732;3,234749174;7,849713758;2,073171929;0,262364264;1,458615023
Chile;South America;79,5;7,92;95;88;27,8;95;95;0,19;13367;17,76;0,8;0,8;10,1;0;62,7264;9025;7744;9025;9025;0,0361;772,84;178676689;315,4176;0,64;102,01;2,069391206;4,553876892;4,477336814;4,553876892;4,553876892;-1,660731207;3,325036021;9,500544262;2,876948738;-0,223143551;2,312535424
Honduras;Central America and Caribbean;74,3;2,42;97;83;26,5;99;97;0,06;2256;8,96;2,1;2,1;6,2;0;5,8564;9409;6889;9801;9409;0,0036;702,25;5089536;80,2816;4,41;38,44;0,88376754;4,574710979;4,418840608;4,59511985;4,574710979;-2,813410717;3,277144733;7,721348613;2,192770227;0,741937345;1,824549292
Afghanistan;Asia;63;0,01;62;44;23,2;62;62;0,03;565;33,37;17,5;17,5;3,5;0;1,00E-04;3844;1936;3844;3844;9,00E-04;538,24;319225;1113,5569;306,25;12,25;-4,605170186;4,127134385;3,784189634;4,127134385;4,127134385;-3,506557897;3,144152279;6,336825731;3,507657293;2,862200881;1,252762968
Tanzania;Africa;62,3;7,43;97;64;23,1;97;97;2,12;920;49,96;6,8;6,6;5,6;0;55,2049;9409;4096;9409;9409;4,4944;533,61;846400;2496,0016;46,24;31,36;2,005525859;4,574710979;4,158883083;4,574710979;4,574710979;0,751416089;3,139832618;6,82437367;3,911222685;1,916922612;1,722766598
Solomon Islands;Oceania;71,9;0,95;88;65;26,1;78;88;0,17;2195;0,59;1,1;1,2;5,3;0;0,9025;7744;4225;6084;7744;0,0289;681,21;4818025;0,3481;1,21;28,09;-0,051293294;4,477336814;4,17438727;4,356708827;4,477336814;-1,771956842;3,261935314;7,693937326;-0,527632742;0,09531018;1,667706821
Germany;European Union;81,1;11,07;88;93;26,5;93;95;0,03;40851;80,98;1,1;1,1;14;1;122,5449;7744;8649;8649;9025;9,00E-04;702,25;1668804201;6557,7604;1,21;196;2,404238747;4,477336814;4,532599493;4,532599493;4,553876892;-3,506557897;3,277144733;10,61768658;4,394202211;0,09531018;2,63905733
Tonga;Oceania;70,4;0,28;98;92;32,1;98;80;0,17;4276;0,1;0,1;0,1;11,1;0;0,0784;9604;8464;9604;6400;0,0289;1030,41;18284176;0,01;0,01;123,21;-1,272965676;4,584967479;4,521788577;4,584967479;4,382026635;-1,771956842;3,46885603;8,360773272;-2,302585093;-2,302585093;2,406945108
Montenegro;Rest of Europe;76,4;8,55;87;95;26,4;91;91;0,03;6307;0,62;1,8;1,9;11,3;0;73,1025;7569;9025;8281;8281;9,00E-04;696,96;39778249;0,3844;3,24;127,69;2,145931283;4,465908119;4,553876892;4,510859507;4,510859507;-3,506557897;3,27336401;8,749415407;-0,478035801;0,587786665;2,424802726
Jamaica;Central America and Caribbean;74;3,2;92;72;27,5;93;92;0,5;4890;2,88;1,8;1,7;9,6;0;10,24;8464;5184;8649;8464;0,25;756,25;23912100;8,2944;3,24;92,16;1,16315081;4,521788577;4,276666119;4,532599493;4,521788577;-0,693147181;3,314186005;8,494947582;1,057790294;0,587786665;2,261763098
Israel;Middle East;82,2;2,71;97;96;27,2;95;95;0,08;35711;8,22;1,2;1,1;12,9;1;7,3441;9409;9216;9025;9025;0,0064;739,84;1275275521;67,5684;1,44;166,41;0,996948635;4,574710979;4,564348191;4,553876892;4,553876892;-2,525728644;3,303216973;10,48321404;2,106570209;0,182321557;2,557227311
Uruguay;South America;77,2;6,15;95;93;27,1;95;95;0,24;15609;3,4;1,5;1,4;8,6;0;37,8225;9025;8649;9025;9025;0,0576;734,41;243640881;11,56;2,25;73,96;1,816452082;4,553876892;4,532599493;4,553876892;4,553876892;-1,427116356;3,299533728;9,65560295;1,223775432;0,405465108;2,151762203
Turkiye;Middle East;76,2;1,39;96;65;27,7;96;96;0,08;10550;77,23;4,9;4,7;7,6;0;1,9321;9216;4225;9216;9216;0,0064;767,29;111302500;5964,4729;24,01;57,76;0,329303747;4,564348191;4,17438727;4,564348191;4,564348191;-2,525728644;3,321432413;9,263881139;4,346787983;1,589235205;2,028148247
Armenia;Rest of Europe;74,3;4,22;93;97;26,2;95;93;0,08;3511;2,91;2,1;2,1;11,5;0;17,8084;8649;9409;9025;8649;0,0064;686,44;12327121;8,4681;4,41;132,25;1,439835128;4,532599493;4,574710979;4,553876892;4,532599493;-2,525728644;3,265759411;8,163656176;1,068153081;0,741937345;2,442347035
Libya;Africa;72;0,01;94;92;27,9;94;94;0,08;7723;6,36;5,7;5,5;7,3;0;1,00E-04;8836;8464;8836;8836;0,0064;778,41;59644729;40,4496;32,49;53,29;-4,605170186;4,543294782;4,521788577;4,543294782;4,543294782;-2,525728644;3,328626689;8,951958169;1,850028377;1,740466175;1,987874348
Sao Tome and Principe;Central America and Caribbean;69,1;5,63;95;71;24,7;95;95;0,18;1554;0,2;5,6;5,4;5,3;0;31,6969;9025;5041;9025;9025;0,0324;610,09;2414916;0,04;31,36;28,09;1,728109442;4,553876892;4,262679877;4,553876892;4,553876892;-1,714798428;3,206803244;7,348587531;-1,609437912;1,722766598;1,667706821
Mozambique;Africa;56,1;1,08;79;64;22,6;88;79;3,5;569;26,29;3,6;3,5;3,4;0;1,1664;6241;4096;7744;6241;12,25;510,76;323761;691,1641;12,96;11,56;0,076961041;4,369447852;4,158883083;4,477336814;4,369447852;1,252762968;3,117949906;6,343880434;3,269188639;1,280933845;1,223775432
Hungary;European Union;75,8;10,92;88;99;27,1;99;99;0,08;12237;9,87;1,7;1,6;11,8;1;119,2464;7744;9801;9801;9801;0,0064;734,41;149744169;97,4169;2,89;139,24;2,39059597;4,477336814;4,59511985;4,59511985;4,59511985;-2,525728644;3,299533728;9,412219428;2,289499853;0,530628251;2,468099531
Denmark;European Union;80,7;9,55;88;84;25,3;94;94;0,04;52405;5,64;1,1;0,9;12,8;1;91,2025;7744;7056;8836;8836;0,0016;640,09;2746284025;31,8096;1,21;163,84;2,256541154;4,477336814;4,430816799;4,543294782;4,543294782;-3,218875825;3,230804396;10,86675729;1,729884066;0,09531018;2,549445171
Burundi;Africa;59,7;3,95;95;60;21,6;95;95;0,31;328;9,84;7,4;7,3;2,8;0;15,6025;9025;3600;9025;9025;0,0961;466,56;107584;96,8256;54,76;7,84;1,373715579;4,553876892;4,094344562;4,553876892;4,553876892;-1,171182982;3,072693315;5,793013608;2,286455711;2,00148;1,029619417
Turkmenistan;Asia;67,6;3,24;97;99;26,3;98;98;0,08;6149;5,47;3,3;3,3;9,8;0;10,4976;9409;9801;9604;9604;0,0064;691,69;37810201;29,9209;10,89;96,04;1,17557333;4,574710979;4,59511985;4,584967479;4,584967479;-2,525728644;3,269568939;8,724044746;1,699278616;1,193922468;2,282382386
Greece;European Union;81,4;7,06;96;83;27,1;99;99;0,07;18000;10,89;0,8;0,7;10,5;1;49,8436;9216;6889;9801;9801;0,0049;734,41;3,24E+08;118,5921;0,64;110,25;1,954445052;4,564348191;4,418840608;4,59511985;4,59511985;-2,659260037;3,299533728;9,798127037;2,387844937;-0,223143551;2,351375257
Mauritania;Africa;63,7;0;84;64;24,8;81;84;0,14;1489;3,93;8;7,7;4,3;0;0;7056;4096;6561;7056;0,0196;615,04;2217121;15,4449;64;18,49;;4,430816799;4,158883083;4,394449155;4,430816799;-1,966112856;3,210843653;7,305860033;1,368639426;2,079441542;1,458615023
Moldova;Rest of Europe;71,3;7,4;92;92;26,9;92;90;0,36;2720;2,86;2,7;2,8;11,6;0;54,76;8464;8464;8464;8100;0,1296;723,61;7398400;8,1796;7,29;134,56;2,00148;4,521788577;4,521788577;4,521788577;4,49980967;-1,021651248;3,292126287;7,908387159;1,050821625;0,993251773;2,451005098
Belgium;European Union;81,3;10,57;98;85;26,1;99;99;0,08;40421;11,21;1;1;11,5;1;111,7249;9604;7225;9801;9801;0,0064;681,21;1633857241;125,6641;1;132,25;2,3580198;4,584967479;4,442651256;4,59511985;4,59511985;-2,525728644;3,261935314;10,60710473;2,416806237;0;2,442347035
Serbia;Rest of Europe;75,3;7,19;92;91;26;93;93;0,02;5463;7,13;2,1;2,1;10,7;0;51,6961;8464;8281;8649;8649;4,00E-04;676;29844369;50,8369;4,41;114,49;1,972691172;4,521788577;4,510859507;4,532599493;4,532599493;-3,912023005;3,258096538;8,605753368;1,964311234;0,741937345;2,370243741
Lebanon;Middle East;78,7;1,18;81;63;27,5;81;81;0,04;7938;6,26;4,8;4,9;8,4;0;1,3924;6561;3969;6561;6561;0,0016;756,25;63011844;39,1876;23,04;70,56;0,165514438;4,394449155;4,143134726;4,394449155;4,394449155;-3,218875825;3,314186005;8,979416633;1,834180185;1,568615918;2,128231706
Brazil;South America;74,7;6,91;96;89;26,3;96;93;0,24;9215;202,76;2,7;2,7;7,4;0;47,7481;9216;7921;9216;8649;0,0576;691,69;84916225;41111,6176;7,29;54,76;1,932969638;4,564348191;4,48863637;4,564348191;4,532599493;-1,427116356;3,269568939;9,12858787;5,312023014;0,993251773;2,00148
Chad;Africa;52,8;0,68;37;64;21,8;44;37;0,42;780;13,66;8,7;8,5;2,2;0;0,4624;1369;4096;1936;1369;0,1764;475,24;608400;186,5956;75,69;4,84;-0,385662481;3,610917913;4,158883083;3,784189634;3,610917913;-0,867500568;3,08190997;6,65929392;2,614471854;2,163323026;0,78845736
Namibia;Africa;61,4;2,59;88;64;24,1;88;88;4,5;4782;2,27;8,6;8,5;6,7;0;6,7081;7744;4096;7744;7744;20,25;580,81;22867524;5,1529;73,96;44,89;0,951657876;4,477336814;4,158883083;4,477336814;4,477336814;1,504077397;3,18221184;8,472614148;0,819779831;2,151762203;1,902107526
Italy;European Union;83,1;7,56;95;83;25,6;95;95;0,07;29980;60,79;0,6;0,6;10,1;1;57,1536;9025;6889;9025;9025;0,0049;655,36;898800400;3695,4241;0,36;102,01;2,02287119;4,553876892;4,418840608;4,553876892;4,553876892;-2,659260037;3,242592351;10,30828577;4,107425302;-0,510825624;2,312535424
Cameroon;Africa;57,1;4,7;87;64;24,2;84;87;1,24;1344;22,68;5,7;5,7;6;0;22,09;7569;4096;7056;7569;1,5376;585,64;1806336;514,3824;32,49;36;1,547562509;4,465908119;4,158883083;4,430816799;4,465908119;0,21511138;3,186352633;7,203405521;3,121483479;1,740466175;1,791759469
Colombia;South America;76,3;4,22;90;88;26;90;90;0,19;6069;46,97;2,1;1,9;8;0;17,8084;8100;7744;8100;8100;0,0361;676;36832761;2206,1809;4,41;64;1,439835128;4,49980967;4,477336814;4,49980967;4,49980967;-1,660731207;3,258096538;8,710949126;3,8495091;0,741937345;2,079441542
St. Lucia;Central America and Caribbean;75,4;9,18;99;83;29,6;99;99;0,4;10280;0,18;4,3;4,3;8,7;0;84,2724;9801;6889;9801;9801;0,16;876,16;105678400;0,0324;18,49;75,69;2,217027205;4,59511985;4,418840608;4,59511985;4,59511985;-0,916290732;3,387774361;9,237955539;-1,714798428;1,458615023;2,163323026
Comoros;Africa;63,2;0,13;88;64;24,2;87;87;0,01;1258;0,76;6,8;6,6;4,8;0;0,0169;7744;4096;7569;7569;1,00E-04;585,64;1582564;0,5776;46,24;23,04;-2,040220829;4,477336814;4,158883083;4,465908119;4,465908119;-4,605170186;3,186352633;7,137278437;-0,274436846;1,916922612;1,568615918
Czechia;European Union;78,8;12,75;99;96;27;99;97;0,08;16951;10,53;1,8;1,9;12,8;1;162,5625;9801;9216;9801;9409;0,0064;729;287336401;110,8809;3,24;163,84;2,545531272;4,59511985;4,564348191;4,59511985;4,574710979;-2,525728644;3,295836866;9,738082108;2,354228326;0,587786665;2,549445171
St. Vincent and the Grenadines;Central America and Caribbean;72;7,12;98;83;27;97;98;0,4;7029;0,11;3,5;3,4;8,6;0;50,6944;9604;6889;9409;9604;0,16;729;49406841;0,0121;12,25;73,96;1,962907725;4,584967479;4,418840608;4,574710979;4,584967479;-0,916290732;3,295836866;8,857799727;-2,207274913;1,252762968;2,151762203
Myanmar;Asia;65,4;1,36;88;82;22,5;88;88;0,29;1168;52,28;12,9;13,1;4,8;0;1,8496;7744;6724;7744;7744;0,0841;506,25;1364224;2733,1984;166,41;23,04;0,3074847;4,477336814;4,406719247;4,477336814;4,477336814;-1,237874356;3,113515309;7,063048163;3,956613889;2,557227311;1,568615918
Portugal;European Union;81,1;10,2;98;96;25,7;98;98;0,13;18833;10,4;0,7;0,5;8,9;1;104,04;9604;9216;9604;9604;0,0169;660,49;354681889;108,16;0,49;79,21;2,32238772;4,584967479;4,564348191;4,584967479;4,584967479;-2,040220829;3,246490992;9,843365929;2,341805806;-0,356674944;2,186051277
Suriname;South America;71,1;5,39;85;15;26,4;76;85;0,51;9593;0,55;3,5;3,5;8,2;0;29,0521;7225;225;5776;7225;0,2601;696,96;92025649;0,3025;12,25;67,24;1,684545385;4,442651256;2,708050201;4,33073334;4,442651256;-0,673344553;3,27336401;9,168788945;-0,597837001;1,252762968;2,104134154
Paraguay;South America;73,5;5,39;87;76;26,5;93;87;0,14;5329;6,6;2;1,9;8,2;0;29,0521;7569;5776;8649;7569;0,0196;702,25;28398241;43,56;4;67,24;1,684545385;4,465908119;4,33073334;4,532599493;4,465908119;-1,966112856;3,277144733;8,580918882;1,887069649;0,693147181;2,104134154
Kazakhstan;Asia;71,4;3,64;95;99;26,3;95;95;0,14;10539;17,29;2,4;2,5;11,7;0;13,2496;9025;9801;9025;9025;0,0196;691,69;111070521;298,9441;5,76;136,89;1,291983682;4,553876892;4,59511985;4,553876892;4,553876892;-1,966112856;3,269568939;9,262837941;2,8501283;0,875468737;2,459588842
India;Asia;68,3;3;79;60;21,7;84;85;0,07;1503;1295,6;26,8;27,4;6,1;0;9;6241;3600;7056;7225;0,0049;470,89;2259009;1678579,36;718,24;37,21;1,098612289;4,369447852;4,094344562;4,430816799;4,442651256;-2,659260037;3,077312261;7,31521839;7,166729187;3,288401888;1,808288771
Slovak Republic;European Union;76,8;10,26;97;97;26,3;97;97;0,01;15547;5,42;1,2;1,2;12,3;1;105,2676;9409;9409;9409;9409;1,00E-04;691,69;241709209;29,3764;1,44;151,29;2,32825284;4,574710979;4,574710979;4,574710979;4,574710979;-4,605170186;3,269568939;9,651622973;1,690095815;0,182321557;2,509599262
Eswatini;Africa;53,6;7,28;98;89;26,7;98;98;15,74;3630;1,1;4,3;4,3;6,5;0;52,9984;9604;7921;9604;9604;247,7476;712,89;13176900;1,21;18,49;42,25;1,985130862;4,584967479;4,48863637;4,584967479;4,584967479;2,756205243;3,284663565;8,196987927;0,09531018;1,458615023;1,871802177
Kuwait;Middle East;75;0;96;86;29,4;94;95;0,13;30857;3,69;3,4;3,4;6,9;0;0;9216;7396;8836;9025;0,0169;864,36;952154449;13,6161;11,56;47,61;;4,564348191;4,454347296;4,543294782;4,553876892;-2,040220829;3,380994674;10,33711891;1,305626458;1,223775432;1,931521412
Romania;European Union;74,9;9,48;94;84;26,6;94;94;0,04;8671;19,91;2,6;2,8;10,9;1;89,8704;8836;7056;8836;8836;0,0016;707,56;75186241;396,4081;6,76;118,81;2,249184316;4,543294782;4,430816799;4,543294782;4,543294782;-3,218875825;3,280911216;9,067739403;2,991222118;0,955511445;2,388762789
Haiti;Central America and Caribbean;62,1;2,69;48;83;25,1;63;48;0,71;1371;10,55;3,9;3,9;5,1;0;7,2361;2304;6889;3969;2304;0,5041;630,01;1879641;111,3025;15,21;26,01;0,989541194;3,871201011;4,418840608;4,143134726;3,871201011;-0,342490309;3,222867846;7,22329568;2,35612586;1,360976553;1,62924054
Qatar;Middle East;79,6;1,01;89;95;29;99;89;0,06;62785;2,46;5,2;4,8;9,8;0;1,0201;7921;9025;9801;7921;0,0036;841;3941956225;6,0516;27,04;96,04;0,009950331;4,48863637;4,553876892;4,59511985;4,48863637;-2,813410717;3,36729583;11,04747147;0,90016135;1,648658626;2,282382386
Togo;Africa;59,6;1,25;87;64;23,4;82;87;0,72;554;7,14;6,6;6,4;4,7;0;1,5625;7569;4096;6724;7569;0,5184;547,56;306916;50,9796;43,56;22,09;0,223143551;4,465908119;4,158883083;4,406719247;4,465908119;-0,328504067;3,152736022;6,317164687;1,965712776;1,887069649;1,547562509
Lesotho;Africa;49,9;2,75;93;82;24,9;88;93;10,88;1120;2,04;5,8;5,6;6,1;0;7,5625;8649;6724;7744;8649;118,3744;620,01;1254400;4,1616;33,64;37,21;1,011600912;4,532599493;4,406719247;4,477336814;4,532599493;2,386926241;3,214867803;7,021083964;0,712949808;1,757857918;1,808288771
Iceland;Rest of Europe;82,9;7,01;88;93;26,2;90;90;0,05;51233;0,33;1;0,9;12,2;1;49,1401;7744;8649;8100;8100;0,0025;686,44;2624820289;0,1089;1;148,84;1,947337701;4,477336814;4,532599493;4,49980967;4,49980967;-2,995732274;3,265759411;10,84413913;-1,108662625;0;2,501435952
Cabo Verde;Africa;71,9;4,31;97;79;24,4;95;95;0,26;3050;0,52;6,8;6,7;5,8;0;18,5761;9409;6241;9025;9025;0,0676;595,36;9302500;0,2704;46,24;33,64;1,460937904;4,574710979;4,369447852;4,553876892;4,553876892;-1,347073648;3,194583132;8,02289687;-0,653926467;1,916922612;1,757857918
Guatemala;Central America and Caribbean;72,9;1,69;73;83;26,4;55;73;0,03;3903;15,31;1,2;1,2;6,4;0;2,8561;5329;6889;3025;5329;9,00E-04;696,96;15233409;234,3961;1,44;40,96;0,524728529;4,290459441;4,418840608;4,007333185;4,290459441;-3,506557897;3,27336401;8,269500767;2,72850621;0,182321557;1,85629799
Gabon;Africa;64,3;8,21;70;64;25,1;68;70;1,24;7350;1,88;6,1;6;8,1;0;67,4041;4900;4096;4624;4900;1,5376;630,01;54022500;3,5344;37,21;65,61;2,105352923;4,248495242;4,158883083;4,219507705;4,248495242;0,21511138;3,222867846;8,902455592;0,631271777;1,808288771;2,091864062
Belarus;Rest of Europe;73;11,29;97;98;26,5;97;97;0,23;6213;9,45;1,9;2;12,1;0;127,4641;9409;9604;9409;9409;0,0529;702,25;38601369;89,3025;3,61;146,41;2,423917378;4,574710979;4,584967479;4,574710979;4,574710979;-1,46967597;3,277144733;8,73439915;2,246014742;0,641853886;2,493205453
Zimbabwe;Africa;58,4;4,22;91;64;23,8;92;91;4,29;1444;13,59;5,9;5,7;8,2;0;17,8084;8281;4096;8464;8281;18,4041;566,44;2085136;184,6881;34,81;67,24;1,439835128;4,510859507;4,158883083;4,521788577;4,510859507;1,456286733;3,169685581;7,275172319;2,609334228;1,774952351;2,104134154
Thailand;Asia;75,7;6,91;99;94;24,2;99;99;0,17;5685;68,44;7,8;7,8;7,6;0;47,7481;9801;8836;9801;9801;0,0289;585,64;32319225;4684,0336;60,84;57,76;1,932969638;4,59511985;4,543294782;4,59511985;4,59511985;-1,771956842;3,186352633;8,645586406;4,225957449;2,054123734;2,028148247
Philippines;Asia;70,5;4,61;67;54;23;82;67;0,09;2867;100,51;1;9,7;9,2;0;21,2521;4489;2916;6724;4489;0,0081;529;8219689;10102,2601;1;84,64;1,528227857;4,204692619;3,988984047;4,406719247;4,204692619;-2,407945609;3,135494216;7,961021466;4,610257225;0;2,219203484
Tunisia;Africa;75,7;1,48;98;95;26,2;98;98;0,04;4098;11,06;6,5;6,4;6,9;0;2,1904;9604;9025;9604;9604;0,0016;686,44;16793604;122,3236;42,25;47,61;0,392042088;4,584967479;4,553876892;4,584967479;4,584967479;-3,218875825;3,265759411;8,318254329;2,403334996;1,871802177;1,931521412
Eritrea;Africa;64,2;1,03;94;88;20,6;94;94;0,13;828;3,41;8,5;8,3;3,9;0;1,0609;8836;7744;8836;8836;0,0169;424,36;685584;11,6281;72,25;15,21;0,029558802;4,543294782;4,477336814;4,543294782;4,543294782;-2,040220829;3,025291076;6,719013154;1,226712291;2,140066163;1,360976553
China;Asia;75,6;5,65;99;99;23,6;99;99;0,1;7533;1371,86;3,7;3;7,6;0;31,9225;9801;9801;9801;9801;0,01;556,96;56746089;1881999,86;13,69;57,76;1,731655545;4,59511985;4,59511985;4,59511985;4,59511985;-2,302585093;3,161246712;8,927048648;7,223922762;1,30833282;2,028148247
Burkina Faso;Africa;59,5;6,93;91;17;22;91;91;0,2;647;17,59;8,2;7,7;1,4;0;48,0249;8281;289;8281;8281;0,04;484;418609;309,4081;67,24;1,96;1,935859813;4,510859507;2,833213344;4,510859507;4,510859507;-1,609437912;3,091042453;6,472346295;2,867330559;2,104134154;0,336472237
Pakistan;Asia;66,4;0,04;72;48;23,8;69;72;0,13;1323;195,31;19,4;19,8;5,1;0;0,0016;5184;2304;4761;5184;0,0169;566,44;1750329;38145,9961;376,36;26,01;-3,218875825;4,276666119;3,871201011;4,234106505;4,276666119;-2,040220829;3,169685581;7,187657164;5,27458804;2,965273066;1,62924054
Canada;North America;81,8;8,1;55;86;26,9;91;91;0,1;43635;35,44;0,5;0,5;13;1;65,61;3025;7396;8281;8281;0,01;723,61;1904013225;1255,9936;0,25;169;2,091864062;4,007333185;4,454347296;4,510859507;4,510859507;-2,302585093;3,292126287;10,68361486;3,567841126;-0,693147181;2,564949357
United Arab Emirates;Middle East;77,1;2;99;99;28,3;99;99;0,13;36996;9,21;5,2;5;10,5;0;4;9801;9801;9801;9801;0,0169;800,89;1368704016;84,8241;27,04;110,25;0,693147181;4,59511985;4,59511985;4,59511985;4,59511985;-2,040220829;3,342861805;10,51856508;2,22028985;1,648658626;2,351375257
Mauritius;Africa;74,2;3,06;97;85;25,2;98;97;0,76;8955;1,26;7;6,9;9,1;0;9,3636;9409;7225;9604;9409;0,5776;635,04;80192025;1,5876;49;82,81;1,118414916;4,574710979;4,442651256;4,584967479;4,574710979;-0,274436846;3,226843995;9,099967314;0,231111721;1,945910149;2,208274414
Morocco;Africa;75,5;0,41;99;54;25,8;99;99;0,04;2789;34,19;6,4;6,2;5;0;0,1681;9801;2916;9801;9801;0,0016;665,64;7778521;1168,9561;40,96;25;-0,891598119;4,59511985;3,988984047;4,59511985;4,59511985;-3,218875825;3,250374492;7,933438388;3,531933204;1,85629799;1,609437912
South Africa;Africa;62;7,21;85;55;27,2;85;77;7,47;6274;54,54;4,9;5,9;10;0;51,9841;7225;3025;7225;5929;55,8009;739,84;39363076;2974,6116;24,01;100;1,975468951;4,442651256;4,007333185;4,442651256;4,343805422;2,010894999;3,303216973;8,744169389;3,998934377;1,589235205;2,302585093
Maldives;Asia;77,4;1,3;99;97;25,2;99;99;0,17;9182;0,44;13,6;13,7;6,2;0;1,69;9801;9409;9801;9801;0,0289;635,04;84309124;0,1936;184,96;38,44;0,262364264;4,59511985;4,574710979;4,59511985;4,59511985;-1,771956842;3,226843995;9,125000325;-0,820980552;2,610069793;1,824549292
Central African Republic;Africa;50,1;1,88;47;64;22,7;50;47;1,33;364;4,46;8,4;8,3;4,1;0;3,5344;2209;4096;2500;2209;1,7689;515,29;132496;19,8916;70,56;16,81;0,631271777;3,850147602;4,158883083;3,912023005;3,850147602;0,285178942;3,122364924;5,897153868;1,495148766;2,128231706;1,410986974
Sierra Leone;Africa;52,4;3,04;83;60;22,7;83;83;0,92;757;7,02;7,5;7,4;3,3;0;9,2416;6889;3600;6889;6889;0,8464;515,29;573049;49,2804;56,25;10,89;1,111857515;4,418840608;4,094344562;4,418840608;4,418840608;-0,083381609;3,122364924;6,629363253;1,948763218;2,014903021;1,193922468
Guyana;South America;69;5,84;98;91;26,2;97;98;0,59;5568;0,76;5,5;5,3;8,4;0;34,1056;9604;8281;9409;9604;0,3481;686,44;31002624;0,5776;30,25;70,56;1,764730797;4,584967479;4,510859507;4,574710979;4,584967479;-0,527632742;3,265759411;8,624791202;-0,274436846;1,704748092;2,128231706
Nepal;Asia;69,2;0,24;92;65;22,2;92;92;0,17;871;26,91;15,9;16,3;4,5;0;0,0576;8464;4225;8464;8464;0,0289;492,84;758641;724,1481;252,81;20,25;-1,427116356;4,521788577;4,17438727;4,521788577;4,521788577;-1,771956842;3,100092289;6,769641977;3,292497965;2,766319109;1,504077397
Antigua and Barbuda;Central America and Caribbean;76,3;9,66;99;99;26,5;96;99;0,2;13909;0,09;3,3;3,3;9,2;0;93,3156;9801;9801;9216;9801;0,04;702,25;193460281;0,0081;10,89;84,64;2,267993648;4,59511985;4,59511985;4,564348191;4,59511985;-1,609437912;3,277144733;9,540291392;-2,407945609;1,193922468;2,219203484
Finland;European Union;81,2;8,76;88;92;25,9;98;98;0,08;42711;5,46;0,9;0,8;12,4;1;76,7376;7744;8464;9604;9604;0,0064;670,81;1824229521;29,8116;0,81;153,76;2,170195905;4,477336814;4,521788577;4,584967479;4,584967479;-2,525728644;3,254242969;10,66221178;1,69744879;-0,105360516;2,517696473
Senegal;Africa;66,4;0,19;89;64;22,9;85;89;0,1;1179;14,17;9,7;9,5;2,8;0;0,0361;7921;4096;7225;7921;0,01;524,41;1390041;200,7889;94,09;7,84;-1,660731207;4,48863637;4,158883083;4,442651256;4,48863637;-2,302585093;3,131136911;7,072421901;2,651127054;2,272125886;1,029619417
Barbados;Central America and Caribbean;78,7;9,27;94;91;27,6;95;94;0,29;16188;0,28;3,8;3,7;10,5;0;85,9329;8836;8281;9025;8836;0,0841;761,76;262051344;0,0784;14,44;110,25;2,22678338;4,543294782;4,510859507;4,553876892;4,543294782;-1,237874356;3,317815773;9,692025506;-1,272965676;1,335001067;2,351375257
Luxembourg;European Union;82,2;11,42;94;86;26,2;99;99;0,1;105584;0,56;1;0,9;12;1;130,4164;8836;7396;9801;9801;0,01;686,44;11147981056;0,3136;1;144;2,435366204;4,543294782;4,454347296;4,59511985;4,59511985;-2,302585093;3,265759411;11,56726212;-0,579818495;0;2,48490665
Nicaragua;Central America and Caribbean;73,4;3,54;98;83;27,1;99;98;0,11;1982;6,14;1,8;1,7;6,5;0;12,5316;9604;6889;9801;9604;0,0121;734,41;3928324;37,6996;3,24;42,25;1,264126727;4,584967479;4,418840608;4,59511985;4,584967479;-2,207274913;3,299533728;7,591861715;1,814824742;0,587786665;1,871802177
Cyprus;European Union;80,2;9,63;96;88;26,8;99;99;0,06;22514;1,15;0,9;1;11,9;1;92,7369;9216;7744;9801;9801;0,0036;718,24;506880196;1,3225;0,81;141,61;2,264883226;4,564348191;4,477336814;4,59511985;4,59511985;-2,813410717;3,288401888;10,02189262;0,139761942;-0,105360516;2,4765384
Cambodia;Asia;68,3;3,07;88;62;22;92;88;0,11;1105;15,27;1,9;11;4,7;0;9,4249;7744;3844;8464;7744;0,0121;484;1221025;233,1729;3,61;22,09;1,121677562;4,477336814;4,127134385;4,521788577;4,477336814;-2,207274913;3,091042453;7,007600614;2,725890119;0,641853886;1,547562509
Ukraine;Rest of Europe;71,2;7,58;22;57;26,5;45;23;0,24;2346;45,27;2,3;2,4;11,3;0;57,4564;484;3249;2025;529;0,0576;702,25;5503716;2049,3729;5,29;127,69;2,0255132;3,091042453;4,043051268;3,80666249;3,135494216;-1,427116356;3,277144733;7,760467029;3,812644561;0,832909123;2,424802726
Mali;Africa;57;0,61;73;64;22,9;62;73;0,42;729;16,93;7,9;7,7;2,3;0;0,3721;5329;4096;3844;5329;0,1764;524,41;531441;286,6249;62,41;5,29;-0,494296322;4,290459441;4,158883083;4,127134385;4,290459441;-0,867500568;3,131136911;6,591673732;2,829087196;2,066862759;0,832909123
Niger;Africa;60,1;0,12;68;64;21,7;79;68;0,06;482;19,24;9,8;9,6;1,7;0;0,0144;4624;4096;6241;4624;0,0036;470,89;232324;370,1776;96,04;2,89;-2,120263536;4,219507705;4,158883083;4,369447852;4,219507705;-2,813410717;3,077312261;6,177944114;2,956991445;2,282382386;0,530628251
Norway;Rest of Europe;82,1;6,06;88;92;26,6;93;93;0,04;73650;5,14;0,8;0,7;12,5;1;36,7236;7744;8464;8649;8649;0,0016;707,56;5424322500;26,4196;0,64;156,25;1,8017098;4,477336814;4,521788577;4,532599493;4,532599493;-3,218875825;3,280911216;11,20707942;1,637053079;-0,223143551;2,525728644
Nigeria;Africa;52,7;4,45;49;64;23,2;40;49;0,58;2688;176,4;1,1;9,9;5,9;0;19,8025;2401;4096;1600;2401;0,3364;538,24;7225344;31116,96;1,21;34,81;1,492904096;3,891820298;4,158883083;3,688879454;3,891820298;-0,544727175;3,144152279;7,896552702;5,172754144;0,09531018;1,774952351
Bangladesh;Asia;71,2;0,01;97;89;21,5;97;97;0,01;1185;154,52;18,1;18,6;5,2;0;1,00E-04;9409;7921;9409;9409;1,00E-04;462,25;1404225;23876,4304;327,61;27,04;-4,605170186;4,574710979;4,48863637;4,574710979;4,574710979;-4,605170186;3,068052935;7,077498054;5,040323538;2,895911938;1,648658626
Mongolia;Asia;68,9;9,88;99;98;26;99;99;0,02;3860;2,94;2,2;2,3;10,1;0;97,6144;9801;9604;9801;9801;4,00E-04;676;14899600;8,6436;4,84;102,01;2,290512512;4,59511985;4,584967479;4,59511985;4,59511985;-3,912023005;3,258096538;8,258422462;1,078409581;0,78845736;2,312535424
Kyrgyz Republic;Asia;70,4;6,18;96;65;26,4;95;96;0,13;1102;5,84;3,3;3,4;10,8;0;38,1924;9216;4225;9025;9216;0,0169;696,96;1214404;34,1056;10,89;116,64;1,821318271;4,564348191;4,17438727;4,553876892;4,564348191;-2,040220829;3,27336401;7,00488199;1,764730797;1,193922468;2,379546134
North Macedonia;Rest of Europe;75,5;3,56;97;97;26,6;96;95;0,08;4687;2,07;2,2;2,2;9,5;0;12,6736;9409;9409;9216;9025;0,0064;707,56;21967969;4,2849;4,84;90,25;1,269760545;4,574710979;4,574710979;4,564348191;4,553876892;-2,525728644;3,280911216;8,452547998;0,727548607;0,78845736;2,251291799
Croatia;European Union;77,5;9,5;95;97;27,1;95;95;0,02;11544;4,24;1,5;1,5;11,1;1;90,25;9025;9409;9025;9025;4,00E-04;734,41;133263936;17,9776;2,25;123,21;2,251291799;4,553876892;4,574710979;4,553876892;4,553876892;-3,912023005;3,299533728;9,3539211;1,444563269;0,405465108;2,406945108
Estonia;European Union;77;17,29;93;93;26,3;93;93;0,08;17097;1,31;1,9;1,9;12,6;1;298,9441;8649;8649;8649;8649;0,0064;691,69;292307409;1,7161;3,61;158,76;2,8501283;4,532599493;4,532599493;4,532599493;4,532599493;-2,525728644;3,269568939;9,746658289;0,270027137;0,641853886;2,533696814
Malawi;Africa;61;2,01;91;64;22,8;87;91;2,95;381;16,29;6,5;6,3;4,4;0;4,0401;8281;4096;7569;8281;8,7025;519,84;145161;265,3641;42,25;19,36;0,698134722;4,510859507;4,158883083;4,465908119;4,510859507;1,08180517;3,126760536;5,942799375;2,790551423;1,871802177;1,481604541
Brunei Darussalam;Asia;75,2;0,67;99;96;26,9;99;99;0,1;31679;0,41;5,7;5,2;9;0;0,4489;9801;9216;9801;9801;0,01;723,61;1003559041;0,1681;32,49;81;-0,400477567;4,59511985;4,564348191;4,59511985;4,59511985;-2,302585093;3,292126287;10,36340928;-0,891598119;1,740466175;2,197224577
Albania;Rest of Europe;77,8;4,1;98;98;26,5;98;98;0,03;3856;2,89;1,2;1,3;9,7;0;16,81;9604;9604;9604;9604;9,00E-04;702,25;14868736;8,3521;1,44;94,09;1,410986974;4,584967479;4,584967479;4,584967479;4,584967479;-3,506557897;3,277144733;8,257385656;1,061256502;0,182321557;2,272125886
Lao PDR;Asia;66,1;6,74;88;65;22,7;88;88;0,16;2025;6,64;8,9;9;5;0;45,4276;7744;4225;7744;7744;0,0256;515,29;4100625;44,0896;79,21;25;1,908059925;4,477336814;4,17438727;4,477336814;4,477336814;-1,832581464;3,122364924;7,61332498;1,893111963;2,186051277;1,609437912
Belize;Central America and Caribbean;73,8;6,73;95;92;28,8;95;95;0,39;4770;0,35;3,4;3,4;10,5;0;45,2929;9025;8464;9025;9025;0,1521;829,44;22752900;0,1225;11,56;110,25;1,906575144;4,553876892;4,521788577;4,553876892;4,553876892;-0,94160854;3,360375387;8,470101584;-1,049822124;1,223775432;2,351375257
Russian Federation;Rest of Europe;70,7;8,86;97;97;26,2;97;97;0,08;9521;143,82;2,3;2,3;11,9;0;78,4996;9409;9409;9409;9409;0,0064;686,44;90649441;20684,1924;5,29;141,61;2,181546765;4,574710979;4,574710979;4,574710979;4,574710979;-2,525728644;3,265759411;9,161255164;4,968562518;0,832909123;2,4765384
Botswana;Africa;66,3;6,04;95;85;24,3;96;95;5,9;6896;2,09;6,7;6,4;9,2;0;36,4816;9025;7225;9216;9025;34,81;590,49;47554816;4,3681;44,89;84,64;1,798404012;4,553876892;4,442651256;4,564348191;4,553876892;1,774952351;3,19047635;8,838696812;0,737164066;1,902107526;2,219203484
United Kingdom;Rest of Europe;81,3;9,45;88;86;27,1;95;95;0,08;44596;64,6;0,8;0,5;12,7;1;89,3025;7744;7396;9025;9025;0,0064;734,41;1988803216;4173,16;0,64;161,29;2,246014742;4,477336814;4,454347296;4,553876892;4,553876892;-2,525728644;3,299533728;10,70539945;4,168214411;-0,223143551;2,541601993
United States;North America;78,8;8,78;92;86;28,8;93;95;0,12;55675;318,39;0,8;0,6;13,3;1;77,0884;8464;7396;8649;9025;0,0144;829,44;3099705625;101372,1921;0,64;176,89;2,172476408;4,521788577;4,454347296;4,532599493;4,553876892;-2,120263536;3,360375387;10,92728649;5,763277046;-0,223143551;2,587764035
Samoa;Oceania;72,5;2,05;56;68;32;76;63;0,17;3932;0,19;0,2;0,1;10,3;0;4,2025;3136;4624;5776;3969;0,0289;1024;15460624;0,0361;0,04;106,09;0,717839793;4,025351691;4,219507705;4,33073334;4,143134726;-1,771956842;3,465735903;8,276903481;-1,660731207;-1,609437912;2,332143895
Benin;Africa;60,3;1,53;78;83;23,4;71;78;0,39;1088;10,29;7,1;6,9;3,3;0;2,3409;6084;6889;5041;6084;0,1521;547,56;1183744;105,8841;50,41;10,89;0,425267735;4,356708827;4,418840608;4,262679877;4,356708827;-0,94160854;3,152736022;6,992096427;2,33117255;1,960094784;1,193922468
Ethiopia;Africa;64,5;0,65;77;64;20,5;68;77;0,22;596;98,09;1,5;1,3;2,5;0;0,4225;5929;4096;4624;5929;0,0484;420,25;355216;9621,6481;2,25;6,25;-0,430782916;4,343805422;4,158883083;4,219507705;4,343805422;-1,514127733;3,020424886;6,390240667;4,585885425;0,405465108;0,916290732
Peru;South America;75,5;5,51;88;44;26,4;78;88;0,12;6109;30,09;1,1;1,1;9,4;0;30,3601;7744;1936;6084;7744;0,0144;696,96;37319881;905,4081;1,21;88,36;1,706564623;4,477336814;3,784189634;4,356708827;4,477336814;-2,120263536;3,27336401;8,717518373;3,404192891;0,09531018;2,240709689
Angola;Africa;58,8;8,1;64;64;23,2;55;64;0,97;3207;26,94;8,5;8,3;4,9;0;65,61;4096;4096;3025;4096;0,9409;538,24;10284849;725,7636;72,25;24,01;2,091864062;4,158883083;4,158883083;4,007333185;4,158883083;-0,030459207;3,144152279;8,0730912;3,293612171;2,140066163;1,589235205
Algeria;Africa;75,9;0,54;95;99;25,4;95;95;0,04;4112;38,92;6;5,8;7,9;0;0,2916;9025;9801;9025;9025;0,0016;645,16;16908544;1514,7664;36;62,41;-0,616186139;4,553876892;4,59511985;4,553876892;4,553876892;-3,218875825;3,234749174;8,321664807;3,661508257;1,791759469;2,066862759
Azerbaijan;Asia;72;0,36;94;98;26,8;97;94;0,05;5506;9,54;2,8;2,9;10,7;0;0,1296;8836;9604;9409;8836;0,0025;718,24;30316036;91,0116;7,84;114,49;-1,021651248;4,543294782;4,584967479;4,574710979;4,543294782;-2,995732274;3,288401888;8,613593686;2,255493485;1,029619417;2,370243741
Ghana;Africa;62,4;1,83;98;67;23,8;94;98;0,84;1777;27,22;6,4;6,3;6,9;0;3,3489;9604;4489;8836;9604;0,7056;566,44;3157729;740,9284;40,96;47,61;0,604315967;4,584967479;4,204692619;4,543294782;4,584967479;-0,174353387;3,169685581;7,482681828;3,303951997;1,85629799;1,931521412
Oman;Middle East;76,6;0,42;99;99;26,2;99;99;0,05;18611;4,03;7,1;6,9;9,3;0;0,1764;9801;9801;9801;9801;0,0025;686,44;346369321;16,2409;50,41;86,49;-0,867500568;4,59511985;4,59511985;4,59511985;4,59511985;-2,995732274;3,265759411;9,831508083;1,393766376;1,960094784;2,2300144
Malaysia;Asia;75,3;0,54;96;99;25,5;97;97;0,15;9601;29,87;7,6;7,4;10,1;0;0,2916;9216;9801;9409;9409;0,0225;650,25;92179201;892,2169;57,76;102,01;-0,616186139;4,564348191;4,59511985;4,574710979;4,574710979;-1,897119985;3,238678452;9,169622539;3,396854632;2,028148247;2,312535424
Guinea;Africa;59;0,32;51;64;22,8;42;51;0,75;760;11,15;7,5;7,4;2,6;0;0,1024;2601;4096;1764;2601;0,5625;519,84;577600;124,3225;56,25;6,76;-1,139434283;3,931825633;4,158883083;3,737669618;3,931825633;-0,287682072;3,126760536;6,633318433;2,411439498;2,014903021;0,955511445
Spain;European Union;83,2;7,85;96;93;26;97;97;0,09;24772;46,48;0,6;0,5;9,7;1;61,6225;9216;8649;9409;9409;0,0081;676;613651984;2160,3904;0,36;94,09;2,060513532;4,564348191;4,532599493;4,574710979;4,574710979;-2,407945609;3,258096538;10,11746926;3,839022113;-0,510825624;2,272125886
Bolivia;South America;69,9;3,17;98;83;26,3;99;98;0,16;2939;10,71;1,2;1,1;8,5;0;10,0489;9604;6889;9801;9604;0,0256;691,69;8637721;114,7041;1,44;72,25;1,153731588;4,584967479;4,418840608;4,59511985;4,584967479;-1,832581464;3,269568939;7,985824666;2,371177884;0,182321557;2,140066163
Somalia;Africa;55,5;0;42;64;23,1;47;42;0,13;346;13,42;6,7;6,5;2,1;0;0;1764;4096;2209;1764;0,0169;533,61;119716;180,0964;44,89;4,41;;3,737669618;4,158883083;3,850147602;3,737669618;-2,040220829;3,139832618;5,846438775;2,596746132;1,902107526;0,741937345
Vanuatu;Oceania;69,7;1,39;64;65;26,1;80;64;0,17;2759;0,26;1,5;1,4;6,8;0;1,9321;4096;4225;6400;4096;0,0289;681,21;7612081;0,0676;2,25;46,24;0,329303747;4,158883083;4,17438727;4,382026635;4,158883083;-1,771956842;3,261935314;7,922623574;-1,347073648;0,405465108;1,916922612
Sri Lanka;Asia;76,1;2,45;99;99;22,9;99;99;0,01;3694;20,78;15,2;15;10,9;0;6,0025;9801;9801;9801;9801;1,00E-04;524,41;13645636;431,8084;231,04;118,81;0,896088025;4,59511985;4,59511985;4,59511985;4,59511985;-4,605170186;3,131136911;8,214465161;3,033990986;2,721295428;2,388762789
Iraq;Middle East;69,7;0,15;62;67;28,5;76;64;0,13;4628;34,41;5,3;5,1;6,6;0;0,0225;3844;4489;5776;4096;0,0169;812,25;21418384;1184,0481;28,09;43,56;-1,897119985;4,127134385;4,204692619;4,33073334;4,158883083;-2,040220829;3,349904087;8,439880088;3,53834722;1,667706821;1,887069649
Uzbekistan;Asia;70,7;2,5;99;99;26,6;99;99;0,14;2614;30,76;3;3,1;11,3;0;6,25;9801;9801;9801;9801;0,0196;707,56;6832996;946,1776;9;127,69;0,916290732;4,59511985;4,59511985;4,59511985;4,59511985;-1,966112856;3,280911216;7,868636894;3,426215145;1,098612289;2,424802726
Indonesia;Asia;70,5;0,09;78;28;22,9;90;78;0,17;3217;255,13;1,4;1,2;7,8;0;0,0081;6084;784;8100;6084;0,0289;524,41;10349089;65091,3169;1,96;60,84;-2,407945609;4,356708827;3,33220451;4,49980967;4,356708827;-1,771956842;3,131136911;8,076204527;5,541773219;0,336472237;2,054123734
Kenya;Africa;64,1;1,45;92;28;23,2;93;92;1,36;1430;46,7;7,8;7,7;6,3;0;2,1025;8464;784;8649;8464;1,8496;538,24;2044900;2180,89;60,84;39,69;0,371563556;4,521788577;3,33220451;4,532599493;4,521788577;0,3074847;3,144152279;7,265429723;3,843744165;2,054123734;1,840549633
Panama;Central America and Caribbean;77,6;6,3;80;90;26,8;80;80;0,4;13113;3,9;1,9;1,8;9,9;0;39,69;6400;8100;6400;6400;0,16;718,24;171950769;15,21;3,61;98,01;1,840549633;4,382026635;4,49980967;4,382026635;4,382026635;-0,916290732;3,288401888;9,481359384;1,360976553;0,641853886;2,292534757
Ireland;European Union;81,3;10,88;95;86;27,3;96;96;0,07;50010;4,66;0,3;0,2;12,3;1;118,3744;9025;7396;9216;9216;0,0049;745,29;2501000100;21,7156;0,09;151,29;2,386926241;4,553876892;4,454347296;4,564348191;4,564348191;-2,659260037;3,306886702;10,81997826;1,539015448;-1,203972804;2,509599262
Rwanda;Africa;66,9;6,5;98;87;21,9;98;98;0,66;708;11,08;5,8;5,8;4;0;42,25;9604;7569;9604;9604;0,4356;479,61;501264;122,7664;33,64;16;1,871802177;4,584967479;4,465908119;4,584967479;4,584967479;-0,415515444;3,086486637;6,562444094;2,405141681;1,757857918;1,386294361
Vietnam;Asia;75,1;2,78;95;65;21,6;96;95;0,12;2438;91,71;14,3;14,7;7,8;0;7,7284;9025;4225;9216;9025;0,0144;466,56;5943844;8410,7241;204,49;60,84;1,022450928;4,553876892;4,17438727;4,564348191;4,553876892;-2,120263536;3,072693315;7,79893331;4,518631425;2,660259537;2,054123734
Trinidad and Tobago;Central America and Caribbean;72,8;5,9;92;93;27,4;94;92;0,4;18167;1,36;5,8;6;10,8;0;34,81;8464;8649;8836;8464;0,16;750,76;330039889;1,8496;33,64;116,64;1,774952351;4,521788577;4,532599493;4,543294782;4,521788577;-0,916290732;3,310543013;9,80736204;0,3074847;1,757857918;2,379546134
Bulgaria;European Union;74,5;10,3;95;89;26,3;88;88;0,03;6797;7,22;1,9;1,9;10,9;1;106,09;9025;7921;7744;7744;9,00E-04;691,69;46199209;52,1284;3,61;118,81;2,332143895;4,553876892;4,48863637;4,477336814;4,477336814;-3,506557897;3,269568939;8,824236617;1,976854953;0,641853886;2,388762789
Uganda;Africa;60,7;7,25;78;64;22,3;78;78;2,26;834;36,91;5,7;5,6;5,5;0;52,5625;6084;4096;6084;6084;5,1076;497,29;695556;1362,3481;32,49;30,25;1,981001469;4,356708827;4,158883083;4,356708827;4,356708827;0,815364813;3,104586678;6,726233402;3,608482517;1,740466175;1,704748092
Slovenia;European Union;81,1;10,92;88;94;26,4;95;95;0,01;20454;2,06;1,4;1,4;11,9;1;119,2464;7744;8836;9025;9025;1,00E-04;696,96;418366116;4,2436;1,96;141,61;2,39059597;4,477336814;4,543294782;4,553876892;4,553876892;-4,605170186;3,27336401;9,925933741;0,722705983;0,336472237;2,4765384
Liberia;Africa;61,7;3,02;63;64;24;62;50;3,5;740;4,36;6,7;6,5;4,4;0;9,1204;3969;4096;3844;2500;12,25;576;547600;19,0096;44,89;19,36;1,105256831;4,143134726;4,158883083;4,127134385;3,912023005;1,252762968;3,17805383;6,606650186;1,472472057;1,902107526;1,481604541
Seychelles;Africa;73,2;8,44;99;98;26,6;99;99;3,5;14672;0,09;5,7;6;9,4;0;71,2336;9801;9604;9801;9801;12,25;707,56;215267584;0,0081;32,49;88,36;2,132982309;4,59511985;4,584967479;4,59511985;4,59511985;1,252762968;3,280911216;9,593696194;-2,407945609;1,740466175;2,240709689
Equatorial Guinea;Africa;57;8,64;53;64;23,9;55;20;4,04;12927;1,12;8,5;8,4;5,5;0;74,6496;2809;4096;3025;400;16,3216;571,21;167107329;1,2544;72,25;30,25;2,156402583;3,970291914;4,158883083;4,007333185;2,995732274;1,396244692;3,173878459;9,467073426;0,113328685;2,140066163;1,704748092
El Salvador;Central America and Caribbean;72,2;2,45;93;85;27,5;93;94;0,19;3636;6,3;1,6;1,6;6,5;0;6,0025;8649;7225;8649;8836;0,0361;756,25;13220496;39,69;2,56;42,25;0,896088025;4,532599493;4,442651256;4,532599493;4,543294782;-1,660731207;3,314186005;8,198639455;1,840549633;0,470003629;1,871802177
Latvia;European Union;74,1;10,6;92;89;26,5;92;92;0,28;13163;1,99;2,2;2,2;12,9;1;112,36;8464;7921;8464;8464;0,0784;702,25;173264569;3,9601;4,84;166,41;2,360854001;4,521788577;4,48863637;4,521788577;4,521788577;-1,272965676;3,277144733;9,485165142;0,688134639;0,78845736;2,557227311
Timor-Leste;Oceania;68,2;0,41;77;64;21,1;76;77;0,1;1321;1,17;1,9;11,1;4,5;0;0,1681;5929;4096;5776;5929;0,01;445,21;1745041;1,3689;3,61;20,25;-0,891598119;4,343805422;4,158883083;4,33073334;4,343805422;-2,302585093;3,04927304;7,186144305;0,157003749;0,641853886;1,504077397
Syrian Arab Republic;Middle East;69,8;0,19;47;49;28,1;52;43;0,13;973;18,71;6,3;6,1;5,6;0;0,0361;2209;2401;2704;1849;0,0169;789,61;946729;350,0641;39,69;31,36;-1,660731207;3,850147602;3,891820298;3,951243719;3,761200116;-2,040220829;3,335769576;6,880384082;2,92905814;1,840549633;1,722766598
Sweden;European Union;82,3;7,2;67;95;26;97;98;0,08;49855;9,7;1,5;1,3;12,3;1;51,84;4489;9025;9409;9604;0,0064;676;2485521025;94,09;2,25;151,29;1,974081026;4,204692619;4,553876892;4,574710979;4,584967479;-2,525728644;3,258096538;10,81687407;2,272125886;0,405465108;2,509599262
Jordan;Middle East;74;0,35;98;98;28,8;98;98;0,13;4221;8,92;3,9;3,9;10,1;0;0,1225;9604;9604;9604;9604;0,0169;829,44;17816841;79,5664;15,21;102,01;-1,049822124;4,584967479;4,584967479;4,584967479;4,584967479;-2,040220829;3,360375387;8,347827346;2,188295947;1,360976553;2,312535424
Cuba;Central America and Caribbean;78,5;4,54;97;98;25,5;99;99;0,16;7379;11,31;3,4;3,3;11,2;0;20,6116;9409;9604;9801;9801;0,0256;650,25;54449641;127,9161;11,56;125,44;1,512927012;4,574710979;4,584967479;4,59511985;4,59511985;-1,832581464;3,238678452;8,906393407;2,42568729;1,223775432;2,415913778
Malta;European Union;82;7,14;90;94;27,1;99;99;0,08;23286;0,43;0,8;0,8;11,1;1;50,9796;8100;8836;9801;9801;0,0064;734,41;542237796;0,1849;0,64;123,21;1,965712776;4,49980967;4,543294782;4,59511985;4,59511985;-2,525728644;3,299533728;10,0556076;-0,84397007;-0,223143551;2,406945108
Georgia;Rest of Europe;72,7;6,49;91;87;27,3;91;91;0,14;3903;3,72;2,7;2,8;12,6;0;42,1201;8281;7569;8281;8281;0,0196;745,29;15233409;13,8384;7,29;158,76;1,870262531;4,510859507;4,465908119;4,510859507;4,510859507;-1,966112856;3,306886702;8,269500767;1,313723668;0,993251773;2,533696814
Bhutan;Asia;70;0,21;99;92;23,7;98;99;0,13;2613;0,72;15,7;16,2;3,1;0;0,0441;9801;8464;9604;9801;0,0169;561,69;6827769;0,5184;246,49;9,61;-1,560647748;4,59511985;4,521788577;4,584967479;4,59511985;-2,040220829;3,165475048;7,868254266;-0,328504067;2,753660712;1,131402111
Guinea-Bissau;Africa;56,6;3,07;87;64;23,3;84;87;1,59;584;1,69;7,3;7,1;2,9;0;9,4249;7569;4096;7056;7569;2,5281;542,89;341056;2,8561;53,29;8,41;1,121677562;4,465908119;4,158883083;4,430816799;4,465908119;0,463734016;3,148453361;6,369900983;0,524728529;1,987874348;1,064710737
Poland;European Union;77,6;10,45;96;95;26,5;94;98;0,08;12059;38,01;1,9;2,1;11,3;1;109,2025;9216;9025;8836;9604;0,0064;702,25;145419481;1444,7601;3,61;127,69;2,346601978;4,564348191;4,553876892;4,543294782;4,584967479;-2,525728644;3,277144733;9,397566548;3,637849283;0,641853886;2,424802726
Lithuania;European Union;74,5;14,9;94;92;26,4;93;93;0,09;13850;2,93;2,6;2,7;13;1;222,01;8836;8464;8649;8649;0,0081;696,96;191822500;8,5849;6,76;169;2,701361213;4,543294782;4,521788577;4,532599493;4,532599493;-2,407945609;3,27336401;9,536040512;1,075002423;0,955511445;2,564949357
New Zealand;Oceania;81,4;8,98;93;86;27,9;93;93;0,03;38002;4,52;0,4;0,3;12,2;1;80,6404;8649;7396;8649;8649;9,00E-04;778,41;1444152004;20,4304;0,16;148,84;2,194999882;4,532599493;4,454347296;4,532599493;4,532599493;-3,506557897;3,328626689;10,54539407;1,508511994;-0,916290732;2,501435952
Netherlands;European Union;81,7;8,38;92;93;25,5;96;96;0,04;44522;16,87;1;0,9;12,1;1;70,2244;8464;8649;9216;9216;0,0016;650,25;1982208484;284,5969;1;146,41;2,125847914;4,521788577;4,532599493;4,564348191;4,564348191;-3,218875825;3,238678452;10,70373873;2,825536897;0;2,493205453
Tajikistan;Asia;69,9;0,83;97;98;25,8;94;97;0,11;945;8,25;3,6;3,7;10,6;0;0,6889;9409;9604;8836;9409;0,0121;665,64;893025;68,0625;12,96;112,36;-0,186329578;4,574710979;4,584967479;4,543294782;4,574710979;-2,207274913;3,250374492;6,851184927;2,1102132;1,280933845;2,360854001
Grenada;Central America and Caribbean;72,5;7,88;97;92;26,8;81;97;0,4;8601;0,11;3,8;3,8;8,6;0;62,0944;9409;8464;6561;9409;0,16;718,24;73977201;0,0121;14,44;73,96;2,064327904;4,574710979;4,521788577;4,394449155;4,574710979;-0,916290732;3,288401888;9,059633755;-2,207274913;1,335001067;2,151762203
Madagascar;Africa;65,1;0,87;73;64;21,2;71;73;0,22;465;23,59;7,2;7,1;6,1;0;0,7569;5329;4096;5041;5329;0,0484;449,44;216225;556,4881;51,84;37,21;-0,139262067;4,290459441;4,158883083;4,262679877;4,290459441;-1,514127733;3,054001182;6,142037406;3,160822893;1,974081026;1,808288771
Australia;Oceania;82,3;9,9;91;93;27,1;92;92;0,04;56306;23,48;0,6;0,6;12,7;1;98,01;8281;8649;8464;8464;0,0016;734,41;3170365636;551,3104;0,36;161,29;2,292534757;4,510859507;4,532599493;4,521788577;4,521788577;-3,218875825;3,299533728;10,93855638;3,156148995;-0,510825624;2,541601993
Mexico;North America;74,9;3,94;84;95;27,8;87;87;0,16;9426;120,36;1,6;1,5;8,4;0;15,5236;7056;9025;7569;7569;0,0256;772,84;88849476;14486,5296;2,56;70,56;1,371180723;4,430816799;4,553876892;4,465908119;4,465908119;-1,832581464;3,325036021;9,151227107;4,790487252;0,470003629;2,128231706
Bahrain;Middle East;76,6;1,57;98;99;24,9;98;98;0,05;22677;1,34;6,1;6;9,1;0;2,4649;9604;9801;9604;9604;0,0025;620,01;514246329;1,7956;37,21;82,81;0,451075619;4,584967479;4,59511985;4,584967479;4,584967479;-2,995732274;3,214867803;10,02910647;0,292669614;1,808288771;2,208274414
Bosnia and Herzegovina;Rest of Europe;76,7;4,69;89;92;25,6;86;86;0,08;4518;3,48;2,4;2,4;9,2;0;21,9961;7921;8464;7396;7396;0,0064;655,36;20412324;12,1104;5,76;84,64;1,545432582;4,48863637;4,521788577;4,454347296;4,454347296;-2,525728644;3,242592351;8,415824697;1,247032294;0,875468737;2,219203484
Djibouti;Africa;63,2;0,32;78;82;24;78;78;0,25;2509;0,9;5,6;5,4;4,1;0;0,1024;6084;6724;6084;6084;0,0625;576;6295081;0,81;31,36;16,81;-1,139434283;4,356708827;4,406719247;4,356708827;4,356708827;-1,386294361;3,17805383;7,827639546;-0,105360516;1,722766598;1,410986974
Cote d'Ivoire;Africa;55,5;1,35;76;64;23,7;76;76;0,73;1887;22,65;5,6;5,6;4,4;0;1,8225;5776;4096;5776;5776;0,5329;561,69;3560769;513,0225;31,36;19,36;0,300104592;4,33073334;4,158883083;4,33073334;4,33073334;-0,314710745;3,165475048;7,542743545;3,120159852;1,722766598;1,481604541
Ecuador;South America;75,9;3,81;83;59;27;84;83;0,16;6218;15,95;1,2;1,1;8,5;0;14,5161;6889;3481;7056;6889;0,0256;729;38663524;254,4025;1,44;72,25;1,337629189;4,418840608;4,077537444;4,430816799;4,418840608;-1,832581464;3,295836866;8,735203591;2,769458829;0,182321557;2,140066163
Fiji;Oceania;67;2,67;99;94;27,5;99;99;0,11;5172;0,87;4;3,7;10,5;0;7,1289;9801;8836;9801;9801;0,0121;756,25;26749584;0,7569;16;110,25;0,982078472;4,59511985;4,543294782;4,59511985;4,59511985;-2,207274913;3,314186005;8,55101474;-0,139262067;1,386294361;2,351375257
Kiribati;Oceania;67;0,33;75;80;29,9;79;75;0,17;1417;0,11;0,1;0,1;7,9;0;0,1089;5625;6400;6241;5625;0,0289;894,01;2007889;0,0121;0,01;62,41;-1,108662625;4,317488114;4,382026635;4,369447852;4,317488114;-1,771956842;3,39785848;7,25629724;-2,207274913;-2,302585093;2,066862759
Japan;Asia;83,6;8,4;83;94;22,7;99;96;0,17;34387;127,28;2;1,7;12,5;1;70,56;6889;8836;9801;9216;0,0289;515,29;1182465769;16200,1984;4;156,25;2,128231706;4,418840608;4,543294782;4,59511985;4,564348191;-1,771956842;3,122364924;10,44543386;4,846389384;0,693147181;2,525728644
